-- MySQL dump 10.19  Distrib 10.3.38-MariaDB, for debian-linux-gnu (x86_64)
--
-- Host: localhost    Database: halle77api
-- ------------------------------------------------------
-- Server version	10.3.38-MariaDB-0ubuntu0.20.04.1

/*!40101 SET @OLD_CHARACTER_SET_CLIENT=@@CHARACTER_SET_CLIENT */;
/*!40101 SET @OLD_CHARACTER_SET_RESULTS=@@CHARACTER_SET_RESULTS */;
/*!40101 SET @OLD_COLLATION_CONNECTION=@@COLLATION_CONNECTION */;
/*!40101 SET NAMES utf8mb4 */;
/*!40103 SET @OLD_TIME_ZONE=@@TIME_ZONE */;
/*!40103 SET TIME_ZONE='+00:00' */;
/*!40014 SET @OLD_UNIQUE_CHECKS=@@UNIQUE_CHECKS, UNIQUE_CHECKS=0 */;
/*!40014 SET @OLD_FOREIGN_KEY_CHECKS=@@FOREIGN_KEY_CHECKS, FOREIGN_KEY_CHECKS=0 */;
/*!40101 SET @OLD_SQL_MODE=@@SQL_MODE, SQL_MODE='NO_AUTO_VALUE_ON_ZERO' */;
/*!40111 SET @OLD_SQL_NOTES=@@SQL_NOTES, SQL_NOTES=0 */;

--
-- Table structure for table `car`
--

DROP TABLE IF EXISTS `car`;
/*!40101 SET @saved_cs_client     = @@character_set_client */;
/*!40101 SET character_set_client = utf8 */;
CREATE TABLE `car` (
  `id` int(11) NOT NULL AUTO_INCREMENT,
  `episode_id` int(11) NOT NULL,
  `car_nr` int(11) NOT NULL,
  `brand` varchar(50) NOT NULL,
  `type` varchar(60) DEFAULT NULL,
  `ccm` decimal(3,1) DEFAULT NULL,
  `hp` int(11) DEFAULT NULL,
  `km` int(11) DEFAULT NULL,
  `year` int(11) DEFAULT NULL,
  `ps1` decimal(5,1) DEFAULT NULL,
  `ps2` decimal(5,1) DEFAULT NULL,
  `comment` varchar(255) DEFAULT NULL,
  PRIMARY KEY (`id`),
  KEY `IDX_773DE69D362B62A0` (`episode_id`),
  CONSTRAINT `FK_773DE69D362B62A0` FOREIGN KEY (`episode_id`) REFERENCES `episode` (`id`)
) ENGINE=InnoDB AUTO_INCREMENT=1106 DEFAULT CHARSET=utf8mb4 COLLATE=utf8mb4_unicode_ci;
/*!40101 SET character_set_client = @saved_cs_client */;

--
-- Dumping data for table `car`
--

LOCK TABLES `car` WRITE;
/*!40000 ALTER TABLE `car` DISABLE KEYS */;
INSERT INTO `car` VALUES (1,1,1,'BMW','(E36) 328i',2.8,193,NULL,NULL,NULL,196.4,NULL),(2,1,2,'VW','Corrado G60',1.8,160,NULL,NULL,161.2,162.9,NULL),(3,1,3,'Ford','Focus ST',2.0,250,NULL,NULL,268.3,268.2,'Ladeluftkühler, Downpipe'),(4,1,4,'VW','Golf II GTI 16V',1.8,139,NULL,NULL,209.1,208.0,'Aufgebohrt auf 1.9 Liter, Nockenwellen, Einspritzungen'),(5,1,5,'VW','Passat B2 (32B)',1.6,85,NULL,NULL,98.4,96.9,'Abgaskrümmer, 2. Messung ohne Luftfilter'),(6,1,6,'Toyota','Celica',1.8,116,325000,NULL,109.7,111.1,'2. Motor ist 120.000 gelaufen'),(7,2,1,'Nissan','200SX',1.8,169,NULL,NULL,184.2,186.4,NULL),(8,2,2,'Mercedes','(W124) 320E',3.2,220,NULL,NULL,167.0,167.6,NULL),(9,2,3,'Mercedes','(W124)',NULL,180,NULL,NULL,NULL,160.6,'Halle77 Auto'),(10,2,4,'Audi','Cabriolet',2.6,150,293000,NULL,NULL,142.4,NULL),(11,2,5,'VW','Polo GTI',1.6,120,NULL,NULL,122.0,130.1,'Kopfbearbeitung, Sportluftfilter'),(12,2,6,'Audi','90',2.3,136,NULL,NULL,NULL,115.1,NULL),(13,2,7,'Renault','Megane RS',2.0,265,NULL,NULL,266.9,283.6,'2. Messung mit Race Chip Box'),(14,2,8,'BMW','(E28) 520',2.0,129,NULL,NULL,NULL,181.0,'528 Moter, Nockenwelle'),(15,2,9,'Audi','Coupe GT 20V',NULL,NULL,NULL,NULL,NULL,227.8,'RS2 Turbolader'),(16,2,10,'Renault','R5 GTE',NULL,135,NULL,NULL,NULL,133.4,NULL),(17,2,11,'Opel','Astra (J)',1.7,131,NULL,NULL,158.7,160.6,'Chiptuning'),(18,2,12,'VW','Polo R WRC',2.0,220,NULL,NULL,309.6,308.9,'Chiptuning'),(19,2,13,'BMW','328i',2.8,193,NULL,NULL,NULL,205.0,NULL),(20,3,1,'Porsche','968',3.0,240,NULL,NULL,213.8,216.9,NULL),(21,3,2,'Audi','200 10V Turbo',2.2,165,NULL,NULL,NULL,205.7,'Chipsatz, Downpipe'),(22,3,3,'VW','Golf VII GTI',2.0,230,NULL,NULL,NULL,243.4,NULL),(23,3,4,'Ford','Focus RS',2.5,305,NULL,NULL,294.4,293.1,NULL),(24,3,5,'VW','Golf IV 16V (Variant)',1.4,75,226000,NULL,76.5,77.1,NULL),(25,3,6,'Audi','A3 TDI',2.0,150,NULL,NULL,NULL,186.4,NULL),(26,3,7,'Mercedes','C43 AMG',4.3,306,303000,NULL,248.0,247.9,NULL),(27,3,8,'Honda','Civic',1.6,125,NULL,NULL,NULL,137.0,'CRX Motor'),(28,3,9,'Mercedes','C55 AMG',5.5,367,NULL,NULL,NULL,312.8,NULL),(29,3,10,'BMW','(E24) 635 CSI',3.5,220,NULL,1981,NULL,190.7,'Halle 77 Auto'),(30,3,11,'BMW','335i',3.5,306,NULL,NULL,336.6,341.5,NULL),(31,4,1,'VW','Passat (B7) TDI',2.0,140,NULL,NULL,154.6,154.9,'Tuningbox'),(32,4,2,'Opel','Astra (H) OPC',NULL,241,NULL,NULL,227.4,216.6,NULL),(33,4,3,'VW','Golf TSI',1.4,122,197000,NULL,NULL,123.1,NULL),(34,4,4,'VW','UP! GTI',1.0,115,NULL,NULL,126.6,138.8,'2. Messung mit Tuningbox'),(35,4,5,'Audi','A3',1.6,102,550881,NULL,90.8,97.5,'1. Messung mit laufender Klima'),(36,4,6,'Audi','Cabriolet',2.3,133,NULL,NULL,113.3,117.4,NULL),(37,4,7,'BMW','(E46) 320d',2.0,150,200000,NULL,NULL,148.3,NULL),(38,4,8,'Ford','Mercury',5.8,NULL,NULL,1969,328.3,339.5,'Leistung am Rad) 2. Messung ohne Trichter'),(39,4,9,'Audi','Cabriolet',2.3,133,NULL,NULL,107.3,113.6,'Benzinpumpenrelais'),(40,4,10,'BMW','(E30) 318i',1.8,139,NULL,NULL,178.2,179.5,NULL),(41,4,11,'VW','T3 Carat',NULL,139,NULL,NULL,NULL,125.1,'3.2 Subaru Motor'),(42,4,12,'Jaguar','(TD)',3.2,145,NULL,NULL,145.6,147.0,NULL),(43,4,13,'Audi','',1.9,131,300000,NULL,NULL,128.9,NULL),(44,4,14,'BMW','(E46) 328i',2.8,193,335000,NULL,193.1,195.3,NULL),(45,5,1,'Honda','Civic Type R',2.0,200,NULL,NULL,NULL,192.1,'Chiptuning'),(46,5,2,'VW','Scirocco GT 2',1.8,95,NULL,NULL,77.4,78.7,NULL),(47,5,3,'BMW','330ci Coupe',3.0,231,377473,NULL,199.6,202.2,'LPG Anlage) 1. Messung auf Gas'),(48,5,4,'Opel','Astra (H) OPC',2.0,240,NULL,NULL,261.8,NULL,'Chiptuning'),(49,5,5,'Audi',NULL,2.0,113,137872,NULL,97.5,97.3,'Michas Auto'),(50,5,6,'VW','Golf III VR6',2.8,174,320000,1983,NULL,186.8,NULL),(51,5,8,'VW','Passat TDI',NULL,140,NULL,NULL,197.4,197.4,NULL),(52,5,9,'Audi','TT TFSI',NULL,200,NULL,NULL,NULL,226.2,'Software'),(53,5,10,'Skoda','Octavia 3 RS',NULL,245,NULL,NULL,NULL,302.3,'Software'),(54,6,1,'BMW','120D',NULL,185,NULL,NULL,NULL,198.9,'Performance Paket'),(55,6,2,'Renault','Clio 16V',1.8,135,NULL,NULL,NULL,141.2,'Fächerkrümmer'),(56,6,3,'Mazda',' RX-8',1.3,231,157115,2004,NULL,199.3,'Wankelmotor'),(57,6,4,'Opel','Astra (F) 16V',1.8,115,396000,NULL,NULL,121.6,NULL),(58,6,5,'Audi','Cabriolet',1.8,125,NULL,NULL,NULL,124.6,NULL),(59,6,6,'Audi','A2 (S-Line) 16V',1.4,75,464568,NULL,NULL,79.4,NULL),(60,6,7,'Ford','Taunus (20M P7)',NULL,90,NULL,NULL,107.2,108.5,NULL),(61,6,8,'Seat','Leon Cupra',NULL,285,NULL,NULL,NULL,309.1,NULL),(62,6,9,'VW','Passat (3B)',1.9,116,NULL,NULL,NULL,168.1,NULL),(63,6,10,'Opel','Adam (S)',1.4,150,NULL,NULL,141.4,145.2,'1. Messung mit Tuningbox'),(64,6,11,'BMW','(E46) 320d (Cabrio',NULL,150,250000,NULL,NULL,152.5,NULL),(65,6,12,'Ford','Probe',NULL,147,NULL,NULL,178.3,149.0,'2. Messung mit Serienladedruck'),(66,6,13,'VW','Polo',1.3,55,NULL,NULL,NULL,75.4,NULL),(67,6,14,'Audi','80 (B4) Coupe',2.3,133,NULL,NULL,92.1,94.0,NULL),(68,6,15,'Ford','Mondeo (ST220)',NULL,220,NULL,NULL,185.9,189.3,NULL),(69,7,1,'Audi','Coupe (B2) 2.3E',2.3,136,NULL,NULL,123.0,121.3,NULL),(70,7,2,'BMW','(E30) 325i',2.5,170,NULL,NULL,139.3,140.8,NULL),(71,7,3,'VW','Käfer',1.7,70,NULL,NULL,NULL,64.3,NULL),(72,7,4,'Opel','Calibra',2.5,170,NULL,NULL,NULL,193.1,NULL),(73,7,5,'Honda','Civic VTEC',1.8,190,NULL,NULL,185.0,184.2,'1.Messung ohne Luftfilter) 2. Messung mit anderer Software'),(74,7,6,'BMW','(E30) M3',2.3,195,NULL,NULL,193.4,191.2,NULL),(75,7,7,'Toyota','MR2',2.0,156,NULL,NULL,161.4,NULL,'Fächerkrümmer'),(76,7,8,'Mitsubishi','Lancer',1.5,90,850000,NULL,84.9,80.9,'LPG Anlage) 2. Messung auf Gas'),(77,7,9,'VW','T4 (Syncro) Turbo',NULL,180,NULL,NULL,NULL,151.9,'Öttinger'),(78,7,10,'Audi','Cabriolet',NULL,125,NULL,NULL,119.0,117.8,NULL),(79,7,11,'VW','Golf II GTI 16V',1.8,139,167000,NULL,NULL,141.4,NULL),(80,7,12,'Saab','95',2.3,250,NULL,NULL,201.8,227.5,'1. Messung self coded Cruisemode'),(81,7,13,'BMW','323Ti',2.5,170,NULL,NULL,173.9,174.6,'Original 316i (Compact)'),(82,7,14,'VW','Golf II VR6',2.8,174,NULL,NULL,NULL,184.4,NULL),(83,7,15,'BMW','(E46) 330i',3.0,231,234000,NULL,205.8,212.3,NULL),(84,7,16,'Volvo','850 T5-R',2.5,240,NULL,NULL,238.9,249.1,NULL),(85,7,17,'Audi','80',2.0,116,NULL,NULL,104.7,106.5,NULL),(86,8,1,'Audi','Coupe (A5) TFSI',1.8,170,NULL,NULL,198.5,198.5,NULL),(87,8,2,'Audi','A6 Biturbo (Limosine)',2.7,230,NULL,NULL,NULL,202.2,NULL),(88,8,3,'VW','Golf I (Cabrio)',1.8,98,NULL,NULL,NULL,110.8,'Fächerkrümmer) Nockenwelle'),(89,8,4,'BMW','330ci',3.0,231,NULL,NULL,NULL,220.2,NULL),(90,8,5,'Honda','Civic',1.4,75,NULL,NULL,NULL,99.3,'Drosseldichtung (90PS)'),(91,8,6,'Audi','',2.3,133,408000,NULL,NULL,113.3,NULL),(92,8,7,'VW','Golf II 16V (Pasadena)',NULL,NULL,NULL,NULL,NULL,167.7,NULL),(93,8,8,'BMW','(E87) 1',NULL,143,NULL,NULL,NULL,143.9,NULL),(94,8,9,'Opel','Omega (A)',2.6,150,NULL,NULL,120.4,120.5,'Radleistung'),(95,8,10,'Alfa Romeo','155',2.0,150,NULL,NULL,NULL,150.5,NULL),(96,8,11,'BMW','(E91) 330i Touring',3.0,272,NULL,NULL,246.6,238.8,NULL),(97,8,12,'Smart','ForFour',1.5,109,NULL,NULL,NULL,117.5,NULL),(98,8,13,'Ford','Transit',NULL,80,NULL,NULL,NULL,108.5,NULL),(99,8,14,'BMW','(E36) 323',2.5,170,NULL,NULL,NULL,168.9,NULL),(100,8,15,'BMW','(E30) 325i',2.5,170,NULL,NULL,NULL,171.0,NULL),(101,9,1,'Opel','Ascona (B)',2.0,150,NULL,NULL,139.6,141.3,'Weber Doppelvergaser) Nockenwelle'),(102,9,2,'Audi','90',2.3,136,67120,NULL,NULL,124.7,NULL),(103,9,3,'Opel','Ascona (B)',NULL,90,NULL,1978,NULL,97.6,NULL),(104,9,4,'BMW','(E46) 330i Touring',3.0,231,NULL,NULL,213.7,217.7,NULL),(105,9,5,'Nissan','200SX',1.8,169,NULL,NULL,193.6,260.1,'1. Messung mit Strassenzulassung) 2. Messung mit Rennstrecken abstimmung'),(106,9,6,'Audi','90',2.3,136,NULL,NULL,NULL,133.9,'Nockenwelle) Ansaugbrücke'),(107,9,7,'VW','Golf I Turbo (Cabriolet)',1.8,150,NULL,NULL,NULL,232.8,NULL),(108,9,8,'Opel','Manta (A) GT/E',2.0,110,NULL,NULL,105.8,110.9,NULL),(109,9,9,'VW','Derby',1.3,NULL,NULL,NULL,NULL,133.6,NULL),(110,9,10,'VW','Golf II (10 Millionen)',1.8,90,150000,NULL,NULL,89.6,NULL),(111,9,11,'Opel','Ascona (C) GLS',1.6,75,46000,NULL,69.2,NULL,NULL),(112,9,12,'Toyota','Hilux TD',2.5,102,NULL,NULL,99.4,98.0,'Tuningbox'),(113,9,13,'Triumph','Spitfire',1.5,69,NULL,NULL,NULL,70.3,NULL),(114,9,14,'VW','Golf II 16V',2.0,182,170000,NULL,NULL,171.8,'Öttinger'),(115,9,15,'VW','Golf III TDI',NULL,NULL,NULL,NULL,133.9,117.0,'Radleistung'),(116,9,16,'BMW','(E30) 320is',2.0,192,NULL,NULL,NULL,171.1,'Italo-M5'),(117,9,17,'BMW','320is',2.0,192,NULL,NULL,225.1,211.0,'Aufgebort auf 2.5l) Radleistung) 1.Messung mit Lüfter'),(118,10,1,'Opel','Ascona (B)',2.0,150,NULL,NULL,NULL,151.8,'Siehe episode_id 9 Nr. 102'),(119,10,2,'VW','Golf IV GTI',1.8,150,NULL,NULL,NULL,223.9,NULL),(120,10,3,'VW','Golf I 16V (Cabrio)',1.8,78,NULL,NULL,NULL,104.0,NULL),(121,10,4,'Audi','Cabriolet',2.3,133,NULL,NULL,121.1,117.0,NULL),(122,10,5,'Lancia','Fulvia',1.3,90,NULL,NULL,88.7,94.2,'2. Messung mit getauschten Vergaserdüsen'),(123,10,6,'Audi','80 S (B3)',1.8,90,NULL,NULL,NULL,83.3,NULL),(124,10,7,'Audi','A4 TFSI',2.0,200,NULL,NULL,201.1,207.8,NULL),(125,10,8,'Porsche','996',3.4,300,NULL,NULL,NULL,284.6,NULL),(126,10,9,'VW','T5',2.5,131,NULL,NULL,NULL,174.4,'Chiptuning'),(127,10,10,'Mitsubishi','Colt Turbo',1.5,150,NULL,NULL,NULL,175.2,NULL),(128,10,11,'VW','Polo 8V (6N)',1.6,75,NULL,NULL,NULL,81.1,NULL),(129,10,12,'VW','Golf I (Cabrio)',1.8,98,NULL,NULL,NULL,96.9,NULL),(130,10,13,'VW','Golf I GTI',1.8,112,NULL,1983,95.5,96.1,NULL),(131,10,14,'Audi','90',2.3,133,303000,NULL,NULL,117.8,NULL),(132,10,15,'VW','Golf VI GTI TFSI',2.0,211,NULL,NULL,NULL,242.3,NULL),(133,10,16,'Opel','Vivaro',2.0,115,NULL,NULL,NULL,117.5,NULL),(134,10,17,'BMW','(E46) 320ci',2.0,170,NULL,NULL,NULL,163.6,NULL),(135,10,18,'Pontiac','LeMans Sport',7.5,253,NULL,NULL,NULL,308.4,NULL),(136,10,19,'Ford','Puma',1.7,125,190000,NULL,NULL,120.3,NULL),(137,11,1,'VW','Polo I',1.6,120,NULL,NULL,NULL,144.7,'16V (6N Motor)'),(138,11,2,'VW','Golf IV GTI 20V',1.8,150,NULL,NULL,NULL,217.3,NULL),(139,11,3,'VW','Golf II G60',NULL,NULL,NULL,NULL,197.5,NULL,NULL),(140,11,4,'BMW','(E46) 330ci',3.0,231,NULL,NULL,NULL,225.3,NULL),(141,11,5,'VW','Bora VR5',2.3,150,NULL,NULL,NULL,152.2,NULL),(142,11,6,'BMW','Z4',3.0,231,76000,NULL,231.6,235.7,NULL),(143,11,7,'Opel','Kadett (E) GSI 16V',NULL,NULL,NULL,NULL,281.4,274.5,'Calibra Turbo Motor'),(144,11,8,'Audi','A3 TDI',1.9,90,NULL,NULL,NULL,129.3,NULL),(145,11,9,'Renault','19 (Cabrio)',1.8,88,NULL,1992,88.5,91.2,NULL),(146,11,10,'VW','Vento',1.6,75,214000,NULL,NULL,80.1,NULL),(147,11,11,'Opel','Kadett (E) GSI 16V',NULL,150,NULL,NULL,NULL,148.5,NULL),(148,11,12,'Audi','90',2.3,136,NULL,NULL,120.4,121.7,NULL),(149,11,13,'BMW','(E92) 330',3.0,281,NULL,NULL,NULL,242.6,NULL),(150,11,14,'Skoda','Octavia RS TFSI',NULL,200,NULL,NULL,220.9,226.3,'Tuningbox'),(151,11,15,'Caterham',NULL,NULL,160,NULL,NULL,NULL,165.5,NULL),(152,11,16,'Ford','Fiesta MK-I',0.9,39,NULL,NULL,NULL,40.9,'Nadines Auto) (ultra geile farbe)'),(153,12,1,'Porsche','944',2.5,163,NULL,NULL,146.0,NULL,NULL),(154,12,2,'Ford','Fiesta ST 200',1.6,200,NULL,NULL,NULL,210.8,NULL),(155,12,3,'Opel','Vectra (C)',3.2,211,NULL,NULL,NULL,216.3,NULL),(156,12,4,'Audi','TT (8N)',1.8,180,300000,NULL,NULL,162.3,NULL),(157,12,5,'VW','Golf II',2.8,204,NULL,NULL,NULL,211.3,NULL),(158,12,6,'BMW','(E36) 320',NULL,150,NULL,NULL,137.2,144.0,'1. Messung auf Gas) 2. Messung auf Benzin'),(159,12,7,'VW','Golf I (Cabrio)',1.8,98,NULL,NULL,104.5,102.7,NULL),(160,12,8,'Seat','Leon Cupra',NULL,290,NULL,NULL,NULL,345.5,'Chiptuning'),(161,12,9,'Citroen','C5',NULL,140,NULL,NULL,138.4,138.8,NULL),(162,12,10,'Mercedes','(W124) 190?',2.0,136,NULL,1993,NULL,143.4,NULL),(163,12,11,'Ford','Transit',NULL,170,NULL,NULL,NULL,178.8,NULL),(164,12,12,'Ford','Focus RS',2.5,305,NULL,NULL,NULL,376.2,NULL),(165,12,13,'Volvo','T5 R',2.3,245,NULL,NULL,NULL,250.6,NULL),(166,13,1,'VW','T4',2.4,77,NULL,NULL,NULL,71.9,NULL),(167,13,2,'BMW','(E30) 320i',NULL,129,NULL,NULL,NULL,125.0,NULL),(168,13,3,'Mini','Cooper S',NULL,163,NULL,NULL,NULL,200.1,NULL),(169,13,4,'BMW','(E21) 323i',2.5,143,NULL,NULL,NULL,181.3,'Aufgebohrt 2.7'),(170,13,5,'Honda','Civic R',NULL,201,NULL,NULL,NULL,198.9,NULL),(171,13,6,'Mini','Cooper T',NULL,NULL,NULL,NULL,187.2,194.9,NULL),(172,13,7,'Honda','S 2000',NULL,240,NULL,NULL,NULL,214.0,NULL),(173,13,8,'BMW','Z3 M',3.2,321,32454,NULL,NULL,285.3,NULL),(174,13,9,'VW','Golf V GTI',NULL,200,220000,NULL,NULL,263.0,NULL),(175,13,10,'Audi','80 T 20V',2.2,220,NULL,NULL,NULL,219.5,NULL),(176,13,11,'VW','Golf',NULL,150,NULL,NULL,NULL,218.4,'2)2Bar Ladedruck'),(177,13,12,'Pontiac','TransAM',8.1,NULL,NULL,NULL,591.1,585.5,'Alter! Was ein Drehmoment!'),(178,13,13,'BMW','(E46) 325i',2.5,193,300000,NULL,NULL,183.4,NULL),(179,13,14,'Audi','TT (Cabrio)',1.8,150,190000,NULL,NULL,145.0,NULL),(180,13,15,'VW','Derby I',1.3,60,NULL,NULL,NULL,83.6,NULL),(181,13,16,'Toyota','Supra',NULL,NULL,NULL,NULL,NULL,335.3,'BiTurbo) Rechtslenker) Messung im 4. Gang '),(182,13,17,'Mercedes','SLK 55 AMG',5.4,360,NULL,NULL,NULL,321.8,NULL),(183,13,18,'Ford','Fiesta ST',1.0,101,NULL,NULL,NULL,106.0,NULL),(184,13,19,'Ford','Mustang GT',5.0,421,NULL,NULL,NULL,346.9,NULL),(185,13,20,'Peugeot','308 Turbo',1.6,NULL,NULL,NULL,NULL,208.8,NULL),(186,14,1,'Ford','Escord MK-IV',1.3,60,NULL,NULL,NULL,65.9,NULL),(187,14,2,'Audi','A4 (B5)',1.8,150,NULL,NULL,NULL,161.0,'Soft Software'),(188,14,3,'BMW','(E46) 330i Touring',3.0,231,125000,NULL,206.6,215.3,'Edition 33'),(189,14,4,'Volvo','V40 T4',1.9,200,NULL,1999,NULL,159.2,NULL),(190,14,5,'Opel','Ascona (A)',2.4,125,NULL,NULL,NULL,145.9,'Einspritzer) Nockenwelle'),(191,14,6,'Ford','Focus ST',NULL,280,NULL,NULL,NULL,292.7,NULL),(192,14,7,'Audi','80',NULL,NULL,NULL,NULL,122.6,123.1,'2. Messung mit neuen Zündkerzen'),(193,14,8,'Audi','80',NULL,NULL,NULL,NULL,125.6,124.1,'Nockenwelle) Krümmer'),(194,14,9,'Mercedes','(W201) 190E 16V',2.3,170,NULL,NULL,156.9,155.5,NULL),(195,14,10,'Opel','Kadett (C) Coupe',2.4,150,NULL,NULL,NULL,187.9,NULL),(196,14,11,'VW','Golf VII GTI',NULL,NULL,NULL,NULL,356.0,352.2,NULL),(197,14,12,'Peugeot','106 XSI (LeMans)',NULL,94,NULL,NULL,NULL,94.3,NULL),(198,14,13,'Audi','A4',1.8,NULL,NULL,NULL,102.6,133.2,'1. Messung Luftmassenmesser defekt'),(199,14,14,'BMW','(E91) 330i',3.0,258,NULL,NULL,219.8,239.0,NULL),(200,14,15,'BMW','(E46) 323i',2.5,170,NULL,NULL,174.4,178.6,'1. Messung mit Klimaanlage'),(201,14,16,'Ford','Fiesta',1.1,53,NULL,NULL,NULL,55.2,'Halle 77 Auto'),(202,14,17,'Audi','Coupe',2.3,136,NULL,NULL,111.8,115.7,NULL),(203,15,1,'Toyota','Corolla TS',NULL,192,NULL,NULL,NULL,180.0,NULL),(204,15,2,'Mitsubishi','Eclipse',NULL,214,NULL,1996,469.7,478.7,'Turbo Umbau) ALTAA!!!'),(205,15,3,'Audi','A3 Sportback',1.9,105,177000,NULL,NULL,109.2,NULL),(206,15,4,'Audi','Coupe',2.2,115,NULL,NULL,130.2,127.1,'Nockenwelle'),(207,15,5,'Honda','Accort VTEC',2.4,190,NULL,NULL,NULL,195.6,NULL),(208,15,6,'Volvo','V70',2.4,185,NULL,NULL,NULL,205.2,NULL),(209,15,7,'VW','Golf I (Cabrio)',1.8,98,NULL,NULL,NULL,107.4,NULL),(210,15,8,'BMW','M5',5.0,400,353000,NULL,NULL,369.8,NULL),(211,15,9,'Jaguar','XJ Sovereign',4.2,204,NULL,NULL,NULL,144.1,'Rechtslenker'),(212,15,10,'Opel','Ampera',NULL,151,NULL,NULL,NULL,167.9,'Marcos Auto (Radleistung)'),(213,15,11,'Audi','100 (Typ 44) Avant',2.0,115,NULL,NULL,NULL,89.6,NULL),(214,15,12,'BMW','(E30) 325i Cabrio',2.5,170,NULL,NULL,NULL,165.1,NULL),(215,15,13,'BMW','(E39) M5',5.0,400,240000,NULL,349.1,356.5,NULL),(216,15,14,'BMW','(E36) 318ti',1.8,140,353000,NULL,NULL,121.9,NULL),(217,15,15,'BMW','135i',3.5,306,NULL,NULL,NULL,418.8,'Biturbo) Software Krass!!'),(218,15,16,'BMW','M5',5.0,400,63000,NULL,NULL,366.1,NULL),(219,15,17,'BMW','Alpina B10',3.2,260,180000,1998,NULL,248.5,NULL),(220,16,1,'VW','Golf VII GTI',2.0,245,NULL,NULL,NULL,343.0,NULL),(221,16,2,'Mazda','MX 5 (Cabrio)',1.8,130,NULL,NULL,NULL,124.9,NULL),(222,16,3,'Mazda','RX 8',1.3,193,NULL,NULL,164.6,165.5,'Wankelmotor'),(223,16,4,'VW','Golf V GTI (Edition 30)',2.0,230,NULL,NULL,NULL,291.0,NULL),(224,16,5,'Audi','A3 TDI',1.9,131,NULL,NULL,NULL,164.5,'Dieselpartikelfilter'),(225,16,6,'Ford','Focus ST',2.5,225,NULL,NULL,NULL,242.4,NULL),(226,16,7,'VW','T3',2.1,112,NULL,NULL,NULL,97.3,NULL),(227,16,8,'Volvo','C70',2.4,235,NULL,NULL,NULL,280.0,NULL),(228,16,9,'Toyota','Crown VVTI',2.5,280,NULL,NULL,282.9,268.1,'Radleistung) Rechtslenker'),(229,16,10,'Mini','Cooper S',1.6,163,204506,NULL,NULL,179.0,NULL),(230,16,11,'BMW','(E46) 320i',2.0,170,NULL,NULL,NULL,174.9,NULL),(231,16,12,'VW','Lupo GTI',1.6,125,NULL,NULL,128.1,132.9,NULL),(232,16,13,'BMW','330d',3.0,204,NULL,NULL,NULL,312.1,NULL),(233,16,14,'Audi','Coupe',2.3,136,232000,NULL,NULL,124.5,NULL),(234,16,15,'VW','Jetta TDI',1.9,105,349000,NULL,106.4,107.4,NULL),(235,17,1,'Audi','A3 TDI Sportback',2.0,140,NULL,NULL,172.7,171.5,'Software'),(236,17,2,'Volvo','244 GLT',2.3,140,NULL,NULL,NULL,132.4,'100 Stück gebaut'),(237,17,3,'VW','Passat TDI',1.9,110,NULL,NULL,NULL,144.9,'AFN Motor'),(238,17,4,'Ford','Focus ST (Gen3)',2.0,250,NULL,NULL,NULL,250.0,NULL),(239,17,5,'Ford','Fiesta ST',1.6,182,NULL,NULL,NULL,196.9,NULL),(240,17,6,'Ford','Focus ST (Kombi)',2.0,250,NULL,NULL,239.4,262.7,NULL),(241,17,7,'VW','Golf VI GTD',2.0,170,NULL,NULL,196.6,198.0,NULL),(242,17,8,'Opel','Vectra I500',2.5,194,NULL,NULL,178.2,179.4,NULL),(243,17,9,'Audi','A4',1.8,190,NULL,NULL,180.3,182.8,'Software'),(244,17,10,'Audi','A4 (B5)',2.4,165,NULL,NULL,177.3,177.2,NULL),(245,17,11,'VW','Käfer 1302',1.3,44,NULL,NULL,NULL,53.2,'Wahrscheinlich 1.6er'),(246,17,12,'Ford','Fiesta ST 200',1.6,200,NULL,NULL,200.7,209.6,NULL),(247,17,13,'Seat','Leon Cupra',2.0,280,NULL,NULL,NULL,350.1,'Software'),(248,17,14,'Seat','Leon Cupra',2.0,280,133000,NULL,291.0,295.9,NULL),(249,17,15,'VW','Golf III VR6',2.8,174,NULL,NULL,173.1,176.2,'2. Messung mit offener Motorhaube'),(250,17,16,'Renault','Clio 16V',1.8,135,NULL,NULL,134.1,134.7,'2. Messung mit original Steuergerät'),(251,17,17,'Renault','Clio Sport 16V',2.0,169,NULL,NULL,NULL,164.3,NULL),(252,17,18,'Renault','Clio Sport 16V',2.0,168,NULL,NULL,NULL,182.3,'Megane Motor'),(253,18,1,'Ford','Focus ST',2.5,225,NULL,NULL,234.4,233.2,NULL),(254,18,2,'VW','Golf I (Cabrio)',NULL,104,NULL,NULL,NULL,121.7,NULL),(255,18,3,'Seat','Leon Turbo',1.4,155,NULL,NULL,NULL,160.7,NULL),(256,18,4,'VW','Golf V TDI',2.0,140,NULL,NULL,NULL,148.7,'Ladeluftkühler'),(257,18,5,'BMW','(E36) 320 Clubsport',2.0,160,NULL,NULL,NULL,286.9,'3.2 M-Motor) Einzeldrosselklappen) 321PS'),(258,18,6,'Nissan','370 Z',3.7,328,NULL,NULL,388.5,339.0,NULL),(259,18,7,'Toyota','GT 86',2.0,205,NULL,NULL,196.7,196.2,NULL),(260,18,8,'Ariel','Atom',2.0,250,NULL,NULL,326.3,139.4,'Honda VTEC Motor Serienmässig (2. Lauf technischer Defekt)'),(261,18,9,'Audi','90',2.3,133,327000,NULL,NULL,128.9,NULL),(262,18,10,'Porsche','997 S',3.8,355,135000,NULL,NULL,339.0,NULL),(263,18,11,'Audi','A3 FSI Sportback',2.0,150,307000,NULL,NULL,142.1,NULL),(264,18,12,'VW','Käfer 1200',1.2,34,NULL,NULL,NULL,32.8,NULL),(265,18,13,'VW','Golf I GTI 16V',1.8,139,NULL,NULL,NULL,130.8,NULL),(266,18,14,'VW','Golf II VR6',2.9,190,NULL,NULL,177.2,176.1,'2. Messung mit Seriensteuergerät'),(267,18,15,'VW','Golf I (Cabrio)',1.8,98,NULL,NULL,94.3,95.6,NULL),(268,18,16,'BMW','(E39) 540',4.0,286,NULL,NULL,NULL,297.0,NULL),(269,18,17,'BMW','(E46) 525i Cabrio',2.5,192,NULL,NULL,NULL,187.2,NULL),(270,18,18,'Honda','Civic R',NULL,NULL,NULL,NULL,397.3,664.8,'1. Messung Lowboost 0.6) 2. Messung Highboost 2.3'),(271,18,19,'Seat','Leon Cupra',2.0,300,NULL,NULL,NULL,353.4,NULL),(272,19,1,'VW','T5',2.0,140,NULL,NULL,NULL,171.4,'Chiptuning'),(273,19,2,'Oldsmobile','Alero',3.4,174,NULL,1999,NULL,166.1,NULL),(274,19,3,'VW','Polo (86C) Turbo',NULL,NULL,NULL,1989,NULL,146.4,'War mal ein G40'),(275,19,4,'VW','Scirocco Turbo',1.8,150,NULL,NULL,159.1,170.6,'1. Messung mit Seriensteuergerät'),(276,19,5,'BMW','(E39) 523i',2.5,170,227000,1999,NULL,183.3,NULL),(277,19,6,'VW','Passat (32B) GL',1.6,75,71000,NULL,NULL,78.2,NULL),(278,19,7,'Caterham','',1.6,NULL,NULL,1986,108.9,107.8,'Kent-Motor'),(279,19,8,'Opel','Tigra',NULL,NULL,NULL,NULL,NULL,NULL,'Nicht Messbar (Kein abschaltbares ESP)'),(280,19,9,'BMW','750i',5.0,299,NULL,NULL,NULL,263.8,'V12) Automatik'),(281,19,10,'BMW','(E30) 325i Cabrio',2.8,NULL,NULL,NULL,176.1,181.0,'2.8 aus E36) Original Einspritzung) Software'),(282,20,1,'BMW','(E36) 328i Coupe',2.8,193,NULL,NULL,NULL,187.0,'Große (M50) Ansaugbrücke) Software'),(283,20,2,'VW','T3',NULL,128,NULL,NULL,120.7,121.4,'Subaru Motor) Fächerkrümmer'),(284,20,3,'VW','Golf I GTI 16V',1.8,129,NULL,NULL,NULL,119.3,'Elektronik vom PL'),(285,20,4,'BMW','Z4',3.0,306,NULL,NULL,NULL,393.3,'Biturbo'),(286,20,5,'VW','Polo (6N1) GTI 16V',1.6,120,299000,NULL,NULL,128.0,'Fächerkrümmer) Ansaugung'),(287,20,6,'Mercedes','(C107) 280SLC',2.8,185,NULL,NULL,NULL,160.6,NULL),(288,20,7,'VW','Golf VI GTI (Edition 35)',2.0,235,NULL,NULL,NULL,269.7,'Luftfiltersystem'),(289,20,8,'Opel','Calibra (C20XE) 16V',2.0,150,109000,NULL,NULL,151.2,NULL),(290,20,9,'Volvo','850 Turbo',2.5,144,NULL,NULL,NULL,266.6,NULL),(291,20,10,'VW','Golf I Cabriolet',1.8,98,NULL,NULL,NULL,101.3,'Auspuffanlage) Fächerkrümmer) Sportkat'),(292,21,1,'Mercedes','(W245) B200 Cdi',2.0,140,NULL,NULL,NULL,148.1,NULL),(293,21,2,'VW','Golf II GTI 16V',1.8,139,NULL,NULL,NULL,134.6,NULL),(294,21,3,'Ford','Escort MK-VII 16V',1.6,90,NULL,1996,NULL,97.5,NULL),(295,21,4,'Seat','Ibiza 16V',1.4,86,NULL,NULL,NULL,93.8,NULL),(296,21,5,'Opel','Corsa (E) OPC',1.6,207,NULL,NULL,NULL,217.7,'Auspuffanlage'),(297,21,6,'Saab','9-5 Aero Turbo',2.3,250,NULL,2002,216.7,218.5,'Software'),(298,21,7,'Peugeot','206 RC 16V',2.0,180,NULL,2004,NULL,165.3,NULL),(299,21,8,'Peugeot','206 RC 16V',2.0,180,180000,2004,NULL,170.7,NULL),(300,21,9,'Ford','Focus ST 170 16V',2.0,173,NULL,NULL,NULL,165.6,NULL),(301,21,10,'Dodge','Charger',5.7,370,NULL,2013,NULL,362.7,NULL),(302,21,11,'Mercedes','C250',2.5,150,NULL,NULL,188.4,203.3,NULL),(303,21,12,'BMW','(E30) 520i',2.0,129,278749,NULL,NULL,152.5,NULL),(304,21,13,'VW','Scirocco 16V',1.8,139,NULL,NULL,NULL,141.3,NULL),(305,22,1,'Opel','Comodore GS/E',3.0,177,NULL,NULL,182.5,182.2,NULL),(306,22,2,'Volvo','V70 T5',2.0,240,NULL,NULL,224.4,NULL,NULL),(307,22,3,'Honda','Concerto 16V',1.6,111,NULL,NULL,NULL,125.9,NULL),(308,22,4,'Daihatsu','Charade TX',1.3,90,NULL,NULL,NULL,94.2,NULL),(309,22,5,'Lada','2111 16V',1.5,94,NULL,NULL,NULL,131.3,'Frei programmierbares Steuergerät) Verstellbare Nockenwellen) Ansaugbrücke'),(310,22,6,'BMW','(E46) 325ci',2.5,192,NULL,NULL,NULL,189.1,NULL),(311,22,7,'VW','Passat (3B)',1.8,150,313000,1989,162.6,160.3,NULL),(312,22,8,'Audi','80 (B4)',2.0,90,NULL,NULL,NULL,111.8,'Nockenwelle) Ansaugbrücke'),(313,22,9,'Opel','Olympia',1.7,75,NULL,NULL,NULL,71.6,NULL),(314,22,10,'VW','Golf II GTI 16V (Wolfsburg Edition)',1.8,150,NULL,NULL,149.7,152.0,'2.0 ABF Motor) Garlock-Chip'),(315,22,11,'Audi','90 (Typ 89)',2.3,136,360000,NULL,NULL,129.2,NULL),(316,22,12,'BMW','(E30) 325 Cabrio',2.5,170,NULL,NULL,253.0,256.0,'V8 4Liter 286PS. 1. Messung mit Original Steuergerät'),(317,22,13,'Peugeot','206 S16',2.0,136,NULL,2004,NULL,139.1,NULL),(318,23,1,'Volvo','850 T5',2.3,225,NULL,NULL,243.3,241.8,NULL),(319,23,2,'VW','Golf VI GTI',2.0,211,NULL,NULL,234.6,236.6,NULL),(320,23,3,'VW','Golf VI GTI',2.0,211,NULL,NULL,NULL,244.3,NULL),(321,23,4,'Audi','A4 Avant',2.0,133,NULL,NULL,NULL,122.7,NULL),(322,23,5,'Audi','100 (C4)',2.3,133,490000,NULL,NULL,122.2,NULL),(323,23,6,'Audi','80 Avant',2.3,136,NULL,NULL,NULL,125.7,NULL),(324,23,7,'Audi','Coupe',2.3,136,342000,NULL,NULL,118.4,NULL),(325,23,8,'Audi','Coupe',2.3,136,274,1992,NULL,126.7,NULL),(326,23,9,'Opel','Astra ( G ) OPC (Kombi)',2.0,200,NULL,2003,NULL,222.2,NULL),(327,23,10,'Honda','Civic VTEC',1.5,114,NULL,NULL,112.2,112.6,'2. Messung mit offenem Luftfiltergehäuse'),(328,23,11,'VW','T4 D',2.4,78,314000,NULL,NULL,51.6,NULL),(329,23,12,'Opel','Kadett (E) Caravan Club Spezial',1.8,90,76000,1991,NULL,89.3,NULL),(330,23,13,'Opel','Speedster',2.2,147,NULL,NULL,NULL,139.3,'Ansaugung'),(331,23,14,'Audi','80 Cabrio',2.3,133,NULL,NULL,NULL,123.1,NULL),(332,23,15,'VW','Caddy',2.0,115,NULL,NULL,NULL,149.0,'Kompressor'),(333,24,1,'Audi','100 2.3E',2.3,136,NULL,NULL,NULL,125.9,NULL),(334,24,2,'VW','T4 D',2.4,78,NULL,NULL,NULL,64.7,NULL),(335,24,3,'VW','T4 TD',2.5,102,400000,NULL,NULL,126.8,NULL),(336,24,4,'Audi','100',2.3,133,NULL,NULL,109.5,104.3,NULL),(337,24,5,'Opel','Astra (F) GSI 16V',2.0,150,NULL,NULL,NULL,152.1,NULL),(338,24,6,'Audi','Coupe (Typ 81)',2.0,115,NULL,NULL,NULL,125.3,NULL),(339,24,7,'Audi','Coupe (Typ 81)',2.0,115,NULL,NULL,NULL,131.4,'Fächerkrümmer) Auspuffanlage'),(340,24,8,'Opel','Astra (F) GSI 8V',2.0,115,NULL,NULL,NULL,125.5,NULL),(341,24,9,'VW','Golf II (Fire & Ice)',1.8,90,316000,NULL,NULL,93.0,NULL),(342,24,10,'Audi','A6 TDI Avant',2.5,115,276993,NULL,NULL,159.8,'Downpipe) Software'),(343,24,11,'VW','T3 Caravelle Carat',2.3,136,NULL,NULL,114.4,114.7,NULL),(344,24,12,'VW','T4 Multivan',2.5,110,326533,NULL,NULL,104.4,NULL),(345,24,13,'Opel','Astra (G) CC Ecotec',2.0,136,NULL,NULL,NULL,149.3,'Fächerkrümmer'),(346,24,14,'Morris Mini','Cooper',1.3,60,NULL,1999,NULL,55.7,NULL),(347,24,15,'Ford','Escort MK-VII RS2000 16V',2.0,150,NULL,NULL,NULL,150.4,NULL),(348,24,16,'Ford','Mercury Capri Turbo',1.6,140,NULL,NULL,188.7,163.5,NULL),(349,24,17,'Ford','Escort Turbo 8V Cabrio',1.6,150,NULL,NULL,156.4,156.2,NULL),(350,25,1,'Mercedes','(W201) 190E Sportline',2.3,132,NULL,NULL,NULL,130.3,NULL),(351,25,2,'Mercedes','(W210) 300TD',3.0,177,250000,NULL,171.5,173.3,'2. Messung ohne Klimaanlage'),(352,25,3,'BMW','(E36) 318is Coupe',1.8,140,NULL,NULL,NULL,139.6,NULL),(353,25,4,'Mercedes','(W210) E 55 AMG',5.5,354,128000,NULL,312.6,315.3,NULL),(354,25,5,'BMW','(E34) 525i Touring',2.5,192,NULL,NULL,NULL,187.6,NULL),(355,25,6,'VW','Golf II GT Special',1.8,90,NULL,NULL,NULL,140.2,'Golf III 2.0 16V 150PS'),(356,25,7,'VW','T2 (B)',2.0,70,NULL,1977,NULL,56.8,NULL),(357,25,8,'Audi','80 Cabrio',2.0,115,NULL,1996,NULL,112.9,NULL),(358,25,9,'Opel','Vectra (A)',2.0,115,NULL,NULL,NULL,111.8,NULL),(359,25,10,'BMW','(E32) 730',3.0,218,137000,NULL,NULL,208.4,NULL),(360,25,11,'Opel','Vectra (A)',1.6,75,NULL,NULL,NULL,76.9,NULL),(361,25,12,'Audi','A6 T',1.8,150,NULL,1997,156.0,156.0,'2. Messung mit offener Motorhaube'),(362,25,13,'Audi','A4 (B5) T',1.8,150,NULL,NULL,130.5,141.4,NULL),(363,25,14,'Audi','Coupe 20V',2.3,170,246000,NULL,NULL,152.2,NULL),(364,25,15,'BMW','(E36) 328',2.8,193,NULL,NULL,NULL,204.4,'Ansaugbrücke) Krümmer) 0815 Software'),(365,26,1,'Barkas','B 1000',1.0,42,NULL,1989,NULL,43.6,NULL),(366,26,2,'Audi','A4',1.6,101,192000,NULL,NULL,101.0,NULL),(367,26,3,'Honda','CRX',1.6,125,NULL,NULL,NULL,132.6,'Auspuffanlage 130PS eingetragen'),(368,26,4,'Audi','Coupe GT',2.0,115,99199,NULL,115.1,NULL,NULL),(369,26,5,'Opel','Astra (F) GSI 16V',NULL,150,NULL,88,NULL,154.7,NULL),(370,26,6,'Mercedes','( /8 ) 200 D',2.0,54,NULL,NULL,NULL,47.7,NULL),(371,26,7,'Audi','100 (Typ 44) CC',1.9,100,144811,1984,NULL,87.2,NULL),(372,26,8,'Audi','80 (Typ 89) 2.0E',2.0,115,130000,NULL,97.4,96.1,NULL),(373,26,9,'Audi','80 (Typ B4)',2.0,115,272,NULL,NULL,102.6,NULL),(374,26,10,'VW','T3',NULL,NULL,NULL,NULL,NULL,142.1,'2.8 VR6 174PS'),(375,26,11,'Mercedes','( / 8 ) 220 D',2.2,60,NULL,NULL,NULL,55.3,NULL),(376,26,12,'BMW','(E30) 318is',1.8,136,NULL,NULL,NULL,128.7,NULL),(377,26,13,'Mercedes','(W124) 230 E',2.3,132,NULL,NULL,NULL,124.2,NULL),(378,26,14,'Mercedes','(W123) 300 TD',3.0,125,NULL,1982,99.2,100.6,NULL),(379,27,1,'VW','Corrado VSR',2.9,190,NULL,NULL,NULL,183.9,'Ansaugbrücke'),(380,27,2,'VW','Golf III VR6',2.8,174,NULL,NULL,NULL,170.2,NULL),(381,27,3,'VW','Golf IV',2.0,115,NULL,2002,NULL,104.4,NULL),(382,27,4,'Mercedes','(C124) 300 CE',3.0,180,150000,NULL,172.8,NULL,NULL),(383,27,5,'VW','Polo (86C) GT Steilheck',1.3,75,NULL,NULL,71.6,73.3,NULL),(384,27,6,'BMW','(E28) 528i',2.8,184,NULL,NULL,163.8,162.6,NULL),(385,27,7,'Mazda','MX5',1.6,118,NULL,NULL,115.1,115.6,'US-Version'),(386,27,8,'Mercedes','(W124) E 220 C',2.2,150,NULL,NULL,149.4,153.5,NULL),(387,27,9,'Volvo','940 Turbo',2.3,165,NULL,NULL,NULL,145.0,NULL),(388,27,10,'BMW','(E34) 525is',2.5,192,NULL,NULL,NULL,175.7,NULL),(389,27,11,'Volvo','V70 T5',2.3,250,NULL,NULL,NULL,210.6,NULL),(390,27,12,'VW','Passat (35i) Facelift',2.0,115,NULL,NULL,NULL,114.4,NULL),(391,27,13,'VW','Käfer 1600',1.6,46,NULL,NULL,53.2,45.8,'2. Messung mit Seriensteuergerät'),(392,27,14,'Cadillac','ElDorado Cabrio',4.6,305,NULL,NULL,NULL,245.0,NULL),(393,27,15,'Audi','80 2.0E',2.0,115,NULL,NULL,107.1,108.6,NULL),(394,28,1,'VW','Golf II Madison',1.6,69,78290,1990,NULL,65.2,NULL),(395,28,2,'VW','Golf II GTI 20V Turbo',1.8,150,NULL,1991,NULL,211.9,NULL),(396,28,3,'Ford','Escort XR3i Cabrio',1.8,105,NULL,NULL,NULL,92.0,NULL),(397,28,4,'VW','Scirocco',1.6,75,NULL,NULL,NULL,76.4,NULL),(398,28,5,'VW','Golf III',1.4,60,NULL,NULL,NULL,152.8,'ABF 2.0 16V 150PS) Garlock-Chip'),(399,28,6,'VW','Golf III Cabrio',2.0,115,NULL,NULL,NULL,115.2,'Nockenwelle) Fächerkrümmer'),(400,28,7,'Opel','Corsa (A) Facelift',1.2,45,NULL,NULL,NULL,98.9,NULL),(401,28,8,'BMW','(E39) 525d Touring',2.5,163,290000,NULL,NULL,159.4,NULL),(402,28,9,'VW','Golf IV GTI Jubi',2.3,179,NULL,NULL,NULL,192.7,NULL),(403,28,10,'VW','Polo G40',1.3,NULL,NULL,NULL,NULL,112.1,NULL),(404,28,11,'Volvo','850 T5R',2.3,226,NULL,NULL,NULL,239.6,NULL),(405,28,12,'Opel','Kadett (E) Cabrio',1.6,75,NULL,NULL,NULL,78.4,NULL),(406,28,13,'Saab','900 Turbo',2.0,160,300080,1991,NULL,204.1,NULL),(407,28,14,'VW','Passat (35i) VR6 Facelift',2.8,174,NULL,NULL,NULL,165.6,NULL),(408,29,1,'Audi','200 Turbo 10V',2.2,165,NULL,NULL,NULL,202.0,NULL),(409,29,2,'Seat','Cordoba Cupra Turbo',1.8,165,NULL,NULL,NULL,144.9,NULL),(410,29,3,'VW','Golf III',1.6,75,NULL,NULL,NULL,88.4,NULL),(411,29,4,'Toyota','Corolla Royal Special',1.3,75,NULL,1996,NULL,81.0,NULL),(412,29,5,'Honda','CRX',1.6,125,143000,1998,NULL,125.9,NULL),(413,29,6,'Nissan','Patrol TD',2.8,116,NULL,NULL,NULL,109.4,NULL),(414,29,7,'VW','Corrado',2.0,NULL,NULL,NULL,NULL,255.8,NULL),(415,29,8,'BMW','(E36) 318i Cabrio',1.8,115,215000,NULL,NULL,109.8,NULL),(416,29,9,'VW','Golf II GT Special',1.8,90,NULL,NULL,NULL,89.0,NULL),(417,29,10,'BMW','(E36) 318is',1.8,140,NULL,NULL,NULL,121.9,NULL),(418,29,11,'Ferrari','348',3.4,300,95000,1992,NULL,282.0,NULL),(419,29,12,'Volvo','850',2.5,144,NULL,1996,NULL,104.6,NULL),(420,29,13,'Opel','Calibra 16V',2.0,150,NULL,NULL,NULL,149.2,NULL),(421,29,14,'VW','Golf IV Turbo',1.8,150,NULL,NULL,NULL,221.2,NULL),(422,29,15,'Opel','Kadett (D)',1.4,60,NULL,NULL,NULL,99.7,NULL),(423,29,16,'Volvo','V70',2.5,144,375000,NULL,NULL,138.1,NULL),(424,29,17,'Mercedes','(W201) 190E Sportline',2.0,118,NULL,NULL,NULL,104.4,NULL),(425,29,18,'Honda','CRX (ED9)',1.6,150,NULL,NULL,168.4,172.9,'2. Messung anderes Steuergerät'),(426,29,19,'BMW','(E30) 316',1.6,99,NULL,NULL,NULL,266.5,'V8 4.0L 286PS'),(427,30,1,'Mercedes','190',1.8,109,NULL,NULL,NULL,159.4,'2.3L 16V 185PS'),(428,30,2,'Audi','A4 (B5) Turbo',1.8,180,NULL,NULL,NULL,175.8,NULL),(429,30,3,'BMW','(E30) 325i',2.5,170,NULL,NULL,NULL,195.6,'Aufgebohrt auf 2.7L'),(430,30,4,'VW','Vento VR6',2.8,174,NULL,NULL,NULL,175.9,NULL),(431,30,5,'VW','Golf VR6',2.8,174,NULL,NULL,164.0,165.4,NULL),(432,30,6,'Audi','80 (Typ 89) Cabrio',2.8,174,179000,1993,130.2,121.8,NULL),(433,30,7,'Audi','80 (B4)',2.0,115,NULL,NULL,107.5,101.8,'2. Messung mit Gas'),(434,30,8,'BMW','850',5.0,299,NULL,1990,NULL,289.3,NULL),(435,30,9,'BMW','Z3 Coupe',2.8,193,NULL,NULL,NULL,193.9,NULL),(436,30,10,'Mazda','RX-7',1.3,255,NULL,NULL,282.6,307.3,'Japan-Version) 1. Messung 0.6 Bar) 2. Messung 0.9 Bar'),(437,30,11,'Volvo','960 24V',3.0,204,878000,1996,NULL,174.9,'Nicht Messbar (Automatik kuppelt nicht aus)'),(438,30,12,'Honda','Civic (EY9)',1.4,75,NULL,NULL,NULL,103.4,'Drosseldichtung (90PS)) Fächerkrümmer'),(439,30,13,'BMW','(E46) 320d',2.0,136,165000,NULL,NULL,135.0,NULL),(440,31,1,'Toyota','Starlet (P9)',1.3,75,NULL,NULL,NULL,81.4,NULL),(441,31,2,'Nissan','Primera',2.0,115,NULL,NULL,151.3,NULL,NULL),(442,31,3,'Nissan','Bluebird (T72) Grand-Prix 16V',1.8,129,NULL,1989,119.9,NULL,NULL),(443,31,4,'VW','Polo (2F) G40',1.3,NULL,NULL,NULL,NULL,137.0,NULL),(444,31,5,'Fiat','Coupe Turbo 20V',2.5,410,NULL,NULL,360.9,467.1,'2. Messung mit High-Boost'),(445,31,6,'Fiat','Coupe Turbo 20V',2.0,220,NULL,NULL,NULL,253.1,NULL),(446,31,7,'Fiat','Coupe Turbo 20V',2.0,220,NULL,NULL,NULL,230.5,NULL),(447,31,8,'Fiat','Coupe Turbo 20V',2.0,220,NULL,NULL,220.5,224.4,NULL),(448,31,9,'Fiat','Coupe Turbo 20V',2.0,220,NULL,NULL,366.6,359.1,NULL),(449,31,10,'Nissan','Primera (P10) 16V',2.0,150,NULL,NULL,NULL,160.5,NULL),(450,31,11,'Opel','Record (D)',2.0,115,NULL,NULL,115.7,107.9,'2. Messung mit Gas'),(451,31,12,'Opel','Calibra Last Edition 16V',2.0,136,NULL,NULL,NULL,133.5,NULL),(452,31,13,'Ford','Sierra XR4i',2.8,150,NULL,NULL,NULL,137.3,NULL),(453,32,1,'Alfa Romeo','Aletta',1.8,115,NULL,1976,NULL,95.4,NULL),(454,32,2,'Alfa Romeo','Alfasud',1.2,63,44000,1976,NULL,59.3,NULL),(455,32,3,'Ford','Sierra Cosworth Turbo',2.0,204,NULL,NULL,NULL,186.4,NULL),(456,32,4,'VW','Vento',1.8,75,NULL,NULL,NULL,85.1,NULL),(457,32,5,'VW','Golf III (Cabrio)',2.0,115,NULL,NULL,NULL,108.4,NULL),(458,32,6,'VW','Golf I (Cabrio)',1.8,98,NULL,1991,NULL,113.0,'Fächerkrümmer) GTI Steuergerät'),(459,32,7,'Mazda','Xedos 6',2.0,120,NULL,NULL,NULL,125.8,NULL),(460,32,8,'Ford','Sierra 2.9i Ghia',2.8,145,NULL,1991,NULL,146.3,NULL),(461,32,9,'Opel','Kadett (E)',2.0,174,NULL,NULL,158.7,158.5,'XE Motor 16V'),(462,32,10,'Audi','Cabrio',2.6,150,NULL,NULL,127.2,126.7,NULL),(463,32,11,'Volvo','C70 Coupe',NULL,193,210000,1999,NULL,210.4,'Chiptuning'),(464,32,12,'VW','Passat (Carat)',2.0,115,NULL,NULL,NULL,100.2,NULL),(465,32,13,'BMW','(E46) 330 Cabrio',3.0,230,NULL,NULL,NULL,215.8,NULL),(466,32,14,'Honda','CRX',1.6,124,174221,NULL,NULL,132.4,'Facherkrümmer'),(467,33,1,'Mercedes','(C123) 230SE',2.3,136,202667,1981,NULL,121.5,NULL),(468,33,2,'Peugeot','306 (Cabrio)',NULL,110,203227,2000,NULL,118.9,NULL),(469,33,3,'Mini','Cooper',1.3,63,NULL,1992,NULL,58.4,NULL),(470,33,4,'Opel','Omega (B)',2.5,170,102379,NULL,NULL,175.3,NULL),(471,33,5,'Audi','(Cabrio)',NULL,133,165259,1992,NULL,128.3,NULL),(472,33,6,'VW','T4 (Caravelle)',2.8,204,143867,NULL,153.7,153.7,NULL),(473,33,7,'Nissan','Primera STW',2.0,180,167098,1998,146.9,146.5,'Fächerkrümmer) Ansaugung'),(474,33,8,'VW','Käfer',1.8,NULL,49878,NULL,NULL,106.9,'Udo Becker Motor'),(475,33,9,'VW','Golf II GTI',NULL,112,195095,1986,NULL,102.1,NULL),(476,33,10,'Fiat','Coupe Turbo 20V',2.0,220,NULL,NULL,NULL,256.4,NULL),(477,33,11,'Opel','Rekord (C) 1900 Coupe',2.0,110,95991,1968,NULL,98.3,'2.0E Motor'),(478,33,12,'Opel','Astra (F) Cabrio',2.0,115,NULL,NULL,NULL,118.6,NULL),(479,33,13,'Dodge','Viper SRT',8.0,400,NULL,NULL,NULL,393.3,NULL),(480,33,14,'Fiat','130',3.5,165,47138,1971,NULL,157.9,NULL),(481,33,15,'Porsche','964 (C2) Cabrio',3.6,250,191769,NULL,NULL,237.5,NULL),(482,33,16,'BMW','(E34) 540i Touring',4.0,286,224154,NULL,NULL,273.2,NULL),(483,34,1,'Toyota','Corolla (E11)',1.6,110,225000,NULL,NULL,107.7,NULL),(484,34,2,'VW','Käfer 1200',1.6,60,NULL,1970,NULL,60.5,'Aufgebort) stehender Doppelvergaser'),(485,34,3,'Ford','Maverick 12V',2.4,124,190000,NULL,NULL,125.6,NULL),(486,34,4,'BMW','(E36) 323i',2.5,170,NULL,NULL,175.1,177.1,NULL),(487,34,5,'VW','Lupo 1.4 16V',1.4,101,211427,1999,NULL,95.6,'Fächerkrümmer) Nockenwelle'),(488,34,6,'Seat','Exeo ST D',2.0,143,162910,NULL,NULL,150.1,NULL),(489,34,7,'BMW','(E39) 520i',2.0,150,141785,NULL,NULL,153.7,NULL),(490,34,8,'Ford','Focus TDCI',2.0,150,NULL,NULL,NULL,215.3,NULL),(491,34,9,'Mercedes','(R107) SL560 Cabrio',NULL,230,111023,NULL,NULL,218.4,'US Import'),(492,34,10,'Audi','90 (B3) Coupe 20V',NULL,170,46133,NULL,NULL,158.7,NULL),(493,34,11,'Toyota','GT86',2.0,200,NULL,NULL,187.5,194.0,'Boxer'),(494,34,12,'BMW','Z3 i Coupe',2.8,193,275342,1999,NULL,217.4,'Nockenwelle) Auspuffanlage'),(495,34,13,'VW','T4 TD',2.0,102,395432,NULL,NULL,152.8,NULL),(496,35,1,'Volvo','740GL',2.3,NULL,424795,NULL,NULL,107.1,NULL),(497,35,2,'VW','Käfer (Cabrio)',1.6,50,34805,1976,NULL,67.4,'Ami Version) Nockenwellen)Hubraumerweiterung'),(498,35,3,'Mini','Cooper',NULL,124,NULL,1989,125.4,124.0,'Honda CRX ED9 16Z5'),(499,35,4,'Lancia','Detra',1.8,101,NULL,NULL,NULL,95.4,NULL),(500,35,5,'BMW','1602 (Cabrio)',2.0,150,NULL,1969,NULL,144.5,NULL),(501,35,6,'BMW','1502',1.8,115,89820,NULL,NULL,124.6,'Motor vom E30'),(502,35,7,'BMW','(E39) 525i',2.5,192,NULL,NULL,182.5,134.1,NULL),(503,35,8,'Mercedes','GLA',1.6,122,NULL,NULL,NULL,NULL,'Messung nicht möglich (ESP)'),(504,35,9,'VW','Derby GT',1.8,200,NULL,NULL,NULL,197.7,'Skoda Fabia (1U) Motor'),(505,35,10,'VW','T3',NULL,75,NULL,1990,NULL,71.7,NULL),(506,35,11,'VW','Golf II G60',NULL,160,191000,NULL,NULL,161.6,NULL),(507,35,12,'BMW','(E39) 520i',2.0,150,NULL,NULL,NULL,152.3,NULL),(508,35,13,'NSU','TTS',NULL,75,27760,NULL,83.2,88.5,NULL),(509,35,14,'Honda','Civic ERD',1.4,75,NULL,NULL,NULL,98.1,'Dichtung entfernt somit 90PS Serie'),(510,35,15,'Opel','Calibra 16V Ecotec',2.0,136,NULL,NULL,NULL,132.6,NULL),(511,35,16,'Peugeot','207 RC',1.6,174,129364,2008,NULL,198.2,'Downpipe'),(512,35,17,'Audi','',2.3,136,222676,NULL,NULL,101.0,'Michas Auto'),(513,36,1,'Mazda','MX5',NULL,115,161880,NULL,NULL,114.0,NULL),(514,36,2,'Audi','A3',1.8,150,139573,NULL,NULL,149.0,NULL),(515,36,3,'Audi','80',1.9,115,NULL,NULL,NULL,100.5,NULL),(516,36,4,'Opel','Corsa (D)',1.7,125,NULL,2009,NULL,151.2,NULL),(517,36,5,'BMW','(E36) 318is 16V Coupe',1.8,140,253556,1996,NULL,142.1,NULL),(518,36,6,'Opel','Ascona (B)',NULL,150,78455,1975,NULL,158.3,'Astra (F) 16V Motor) Nockenwellen'),(519,36,7,'VW','Polo (16.1) GTI 16V',NULL,120,195000,NULL,NULL,122.5,NULL),(520,36,8,'Renault','Twingo RS',NULL,133,NULL,NULL,NULL,135.0,'Ansaugung'),(521,36,9,'BMW','(E38) 7er',NULL,286,195370,1998,NULL,297.3,NULL),(522,36,10,'BMW','(E12) 525',2.5,150,181,1980,NULL,135.0,'Drehzahlbegrenzer regelt bei 6000 u/min ab .. / Bosch bzw. BEGU (Serie) bei 6.600'),(523,36,11,'VW','Golf II (Fire & Ice)',1.8,90,31700,1990,97.2,97.9,'Nockenwelle) Fächerkrümmer'),(524,36,12,'Renault','R5 (Campus)',1.1,45,183400,1993,NULL,48.8,NULL),(525,36,13,'Toyota','Celica',1.8,143,NULL,2000,131.9,137.8,NULL),(526,37,1,'Audi','A4 Avant',2.4,193,157902,1997,NULL,199.8,NULL),(527,37,2,'BMW','(E39) 525i',2.5,192,230,2001,NULL,184.9,'Alpina Software'),(528,37,3,'Audi','A4 Coupe',NULL,136,NULL,1998,NULL,128.8,NULL),(529,37,4,'Ford','Probe 16V',2.0,115,125000,NULL,NULL,115.0,NULL),(530,37,5,'BMW','(E36) 320i',2.0,150,NULL,NULL,131.9,138.5,NULL),(531,37,6,'Opel','Corsa (B)',1.6,75,319175,1993,NULL,81.2,NULL),(532,37,7,'BMW','Z3 i Coupe',3.0,231,NULL,2000,NULL,181.1,NULL),(533,37,8,'Opel','Ascona (A)',2.4,161,NULL,NULL,NULL,164.3,NULL),(534,37,9,'VW','Polo (Harlekin)',1.4,60,NULL,NULL,NULL,56.5,NULL),(535,38,1,'Audi','A4 (B5)',1.8,150,185868,NULL,128.6,126.6,NULL),(536,38,2,'Volvo','V70 TDI',2.5,140,387482,NULL,NULL,146.3,NULL),(537,38,4,'Opel','Astra GSI 16V',NULL,150,NULL,1991,NULL,149.4,NULL),(538,38,5,'KitCar','',1.8,82,NULL,1997,NULL,54.1,NULL),(539,38,6,'VW','Golf II GT (Spezial)',NULL,90,369947,NULL,NULL,89.0,NULL),(540,38,7,'Mazda','626 LX',1.6,80,70296,1984,NULL,87.5,NULL),(541,38,8,'Audi','80 (B4)',2.0,90,203000,NULL,NULL,89.1,NULL),(542,38,9,'VW','Scirocco TSI',1.4,160,100000,2010,NULL,202.9,NULL),(543,38,10,'VW','Passat (32B) Coupe',1.6,75,53533,1982,NULL,127.8,NULL),(544,38,11,'Opel','Kadett (E) GSI',NULL,115,NULL,NULL,NULL,NULL,'Keine Messung'),(545,38,12,'Opel','Kadett',1.3,60,93000,NULL,NULL,NULL,'Keine Messung (Kaufpreis 950€ -2019 - 2. Hand Scheckheft)'),(546,38,13,'BMW','740i',4.0,286,204851,1993,NULL,271.7,NULL),(547,38,14,'Suzuki','Wagon R',1.2,69,192,NULL,NULL,77.3,NULL),(548,38,15,'Volvo','850 (T5)',NULL,225,332413,NULL,NULL,226.0,NULL),(549,38,16,'VW','Passat VR5',NULL,170,250599,NULL,NULL,167.1,NULL),(550,39,1,'VW','Golf I Turbo',1.8,160,NULL,NULL,184.5,187.6,'1.2 Bar'),(551,39,2,'Mini','R58 Turbo Coupe (JCW)',1.6,211,130630,NULL,NULL,250.0,'Software)Downpipe)Turbolader) Krümmer ….'),(552,39,3,'VW','Golf II',1.6,69,NULL,1976,NULL,54.4,NULL),(553,39,4,'Opel','Kadett (C) Caravan',2.0,110,NULL,NULL,NULL,126.0,'Einfach ein Brett von Auto!'),(554,39,5,'VW','T4',2.8,140,401227,NULL,NULL,132.5,'VR6'),(555,39,6,'VW','Passat (3B) VR5',NULL,150,390000,NULL,NULL,149.6,'10V (Kaufpreis 250€)'),(556,39,7,'BMW','(E34) 520i',2.0,150,NULL,NULL,144.2,144.7,NULL),(557,39,8,'Opel','Astra (F) Caravan',1.6,204,188182,NULL,NULL,245.7,NULL),(558,39,9,'BMW','(E46) 320d',2.0,150,275135,2005,NULL,188.0,NULL),(559,39,10,'BMW','(E39) 523i',2.5,170,147121,NULL,NULL,175.8,NULL),(560,39,11,'BMW','(E36) 323i',2.5,170,226740,NULL,178.3,181.2,'Kaufpreis 800€'),(561,39,12,'Mazda','626 GD',2.0,90,101523,NULL,NULL,98.5,'8V (Kaufpreis 1.200€ bei 65.000km vor 6 1/2 Jahren)'),(562,40,1,'Opel','Corsa (B)',1.2,65,176915,1998,NULL,69.7,NULL),(563,40,2,'VW','T4 (Multivan)',2.5,115,281615,NULL,NULL,99.0,NULL),(564,40,3,'BMW','(E9) 3.5csi',3.5,180,17719,1973,NULL,203.1,NULL),(565,40,4,'Renault','Megane',1.4,95,204357,2001,96.9,96.7,NULL),(566,40,5,'VW','Golf III',2.8,174,NULL,1992,NULL,244.5,'VR6 Turbo (0.7 Bar)'),(567,40,6,'Volvo','S60 Turbo',2.4,200,108739,NULL,NULL,221.6,'Rechtslenker (Kaufpreis 2.500€)'),(568,40,7,'BMW','(E39) 525tds',2.5,143,162079,NULL,154.2,123.5,NULL),(569,41,1,'Toyota','MR2 (W3) 16V',NULL,140,NULL,NULL,NULL,139.0,'Fächerkrümmer) Auspuffanlage'),(570,41,2,'Toyota','MR2 (W3)',NULL,140,NULL,NULL,139.8,139.8,NULL),(571,41,3,'BMW','(E46) 328i',2.8,193,227776,NULL,NULL,204.7,NULL),(572,41,4,'VW','Golf II (Boston)',NULL,NULL,112011,NULL,63.6,63.8,'Kaufpreis 2.350 bei 107.000km'),(573,41,5,'Audi','80 (B4)',NULL,174,NULL,NULL,NULL,174.3,NULL),(574,41,6,'Audi','100 CC',NULL,75,73501,NULL,NULL,72.0,NULL),(575,41,7,'Opel','Astra (G) T',2.0,192,190985,NULL,NULL,259.0,NULL),(576,41,8,'Porsche','SuperCarerra 911',NULL,231,206292,NULL,229.0,232.0,'3.4 Motor'),(577,42,1,'VW','Golf III Yubi GTI 8V',2.0,115,352701,1996,115.5,114.8,NULL),(578,42,2,'Audi','80 (B3) 2.0E',2.0,NULL,244467,NULL,NULL,80.3,NULL),(579,42,3,'Opel','Kadett (C) City',2.5,403,NULL,NULL,217.8,212.8,'CIH Motor - 18.500€ Kaufpreis in Dänemark (2. Lauf Schalter runter) 0.5 Lowboost Laderdruck'),(580,42,4,'VW','Passat GL',2.0,115,80321,NULL,NULL,107.7,NULL),(581,42,5,'BMW','(E36) 325tds',2.5,143,NULL,NULL,NULL,156.6,'1.5 Bar Ladedruck'),(582,42,6,'Audi','100 CS (44)',2.2,115,204928,NULL,NULL,94.1,NULL),(583,42,7,'Nissan','300 ZX',NULL,170,NULL,2000,NULL,149.9,NULL),(584,42,8,'Lexus','IS 200',2.0,155,143000,NULL,NULL,161.0,NULL),(585,42,9,'BMW','(E34) 525',2.5,192,NULL,NULL,NULL,182.1,'M50'),(586,42,10,'BMW','(E36) 320i',2.0,NULL,224629,NULL,NULL,149.1,'Steuergerät'),(587,42,11,'Mitsubishi','Space Wagon',NULL,122,277000,NULL,122.0,122.6,NULL),(588,42,12,'Opel','Kadett (C) City',2.5,403,NULL,NULL,409.8,388.1,'Siehe (EpisodeNr 42) Nr 3 - 1.7 Bar Ladedruck (4. Lauf Schlauch abgeflogen)'),(589,43,1,'VW','Golf IV (Cabrio)',1.6,101,200662,NULL,NULL,130.2,NULL),(590,43,2,'Mercedes','(W124) 250D',2.5,NULL,469811,NULL,NULL,96.1,'7 Sitzer'),(591,43,3,'VW','Golf IV TDI',1.9,90,462451,NULL,NULL,92.3,NULL),(592,43,4,'Alfa Romeo','156 16V',NULL,150,NULL,NULL,NULL,186.7,'Twin Spark) Turbo (Lowboost)'),(593,43,5,'VW','T4 2.4D',2.4,78,NULL,NULL,NULL,61.6,NULL),(594,43,6,'Audi','80 (B4) Avant',2.8,174,233019,NULL,130.2,153.1,'Tests mit Saugrohrumschaltung'),(595,43,7,'Mercedes','500S',5.0,306,NULL,NULL,NULL,298.2,NULL),(596,43,8,'Ford','Fiesta',1.1,50,76,NULL,NULL,47.4,'Gekauft für 200€'),(597,43,9,'Ford','Sierra 2.0i LX',2.0,120,NULL,NULL,NULL,117.1,'Gekauft 600€ (Kurbelwellensensor war defekt)'),(598,43,10,'Audi','80 (B3) 1.9S',1.9,NULL,36120,1989,NULL,104.1,'Gekauft für 6.000€ bei 26.000km'),(599,43,11,'Lancia','Kappa T Coupe',2.0,220,250184,1998,NULL,238.5,NULL),(600,44,1,'Seat','Toledo',1.6,101,83000,NULL,101.3,102.7,'Kaufpreis 1.700 bei 63.000km'),(601,44,2,'VW','Golf I (Cabrio)',1.8,75,105009,NULL,NULL,120.1,'Motor) Nockenwelle usw. Custom'),(602,44,3,'BMW','(E39) 528 24V',2.8,193,307241,NULL,NULL,189.0,'Scharfe Nockenwelle) Alpina Software'),(603,44,4,'VW','Lupo',1.0,50,158698,NULL,NULL,54.7,NULL),(604,45,1,'Mini','Cooper',1.6,116,156,2002,NULL,126.2,NULL),(605,45,2,'VW','Polo (6N1)',1.4,60,NULL,NULL,73.2,74.2,'Käfig) Fächerkrümmer'),(606,45,3,'VW','Golf IV Turbo',1.8,200,NULL,NULL,NULL,218.0,'K03 (1.0 Bar)'),(607,45,4,'BMW','(E39)528i',2.8,193,337000,NULL,NULL,191.5,NULL),(608,45,5,'Volvo','C70 Coupe',NULL,239,129996,NULL,NULL,230.8,NULL),(609,45,6,'Volvo','850 (T5)',NULL,252,NULL,NULL,219.8,196.2,NULL),(610,45,7,'Pontiac','Sunbird T',2.0,165,NULL,1988,NULL,181.6,'Cabrio) TOP TEIL'),(611,46,1,'BMW','(E39) 520i',2.0,150,170000,NULL,137.2,137.4,NULL),(612,46,2,'Opel','Vectra (B)',2.2,170,217000,NULL,NULL,146.2,'(Z22SE) Caravan Sport'),(613,46,3,'Ford','Escort MK-III',1.6,78,NULL,1981,NULL,82.7,NULL),(614,46,4,'VW','T4 (Multivan)',2.5,88,920000,NULL,NULL,82.3,NULL),(615,46,5,'BMW','(E30) 318is',1.8,136,NULL,NULL,NULL,135.7,'Mehrventiler'),(616,46,6,'Audi','80 (B3) S',1.8,88,NULL,NULL,NULL,88.4,NULL),(617,46,7,'VW','Golf II GTI 16V',NULL,NULL,NULL,NULL,NULL,134.4,NULL),(618,47,1,'Mercedes','190E',1.9,122,192910,NULL,NULL,73.0,NULL),(619,47,2,'VW','Golf III GT',1.8,90,NULL,NULL,NULL,95.0,NULL),(620,47,3,'BMW','(E36) 323ti Compact',2.5,170,221932,NULL,NULL,175.1,NULL),(621,47,4,'VW','Golf II',1.6,69,152599,NULL,NULL,69.8,NULL),(622,47,5,'Audi','A4 (B5)',1.8,125,69966,NULL,119.3,113.2,NULL),(623,47,6,'VW','Golf IV TDI',1.9,131,441697,NULL,181.3,180.7,'2 Steuergeräte zum Testen'),(624,47,7,'Opel','Omega (B) Caravan',2.2,144,206791,NULL,NULL,132.2,NULL),(625,47,8,'Mercedes','(W126) 500SE',5.0,231,327200,1981,NULL,199.8,NULL),(626,47,9,'VW','Scirocco GTL',1.8,112,52604,NULL,NULL,102.0,NULL),(627,47,10,'Honda','Civic VTEC',2.0,NULL,102890,NULL,NULL,168.4,NULL),(628,48,1,'VW','Passat (3B)',1.8,150,199060,NULL,NULL,184.5,'Chiptuning'),(629,48,2,'BMW','(E39) 540i',4.0,286,163067,NULL,284.6,290.4,NULL),(630,48,3,'Audi','80 (B4)',2.0,115,298272,NULL,NULL,105.9,NULL),(631,48,4,'BMW','(E46) 325i Cabrio',2.5,193,196962,NULL,NULL,184.0,NULL),(632,48,5,'Opel','Vectra (B) 16V Caravan',1.6,101,145835,1999,NULL,105.9,NULL),(633,48,6,'VW','Golf III Variant',1.6,101,138000,NULL,99.0,99.6,NULL),(634,48,7,'VW','Golf IV TDI',1.9,NULL,NULL,NULL,NULL,146.7,'Chiptuning) Ladelüftkühler'),(635,49,1,'VW','Käfer 1303',1.6,50,NULL,1975,NULL,54.8,NULL),(636,49,2,'Ford','Fiesta (Gen 3)',1.1,50,165000,NULL,NULL,53.5,NULL),(637,49,3,'Opel','Kadett (E) GSI 16V',2.0,150,NULL,NULL,NULL,179.0,'168 Nockenwelle (Schrick)'),(638,49,4,'BMW','(E46) 325i Cabrio',2.5,192,148832,NULL,NULL,196.4,'Software'),(639,49,5,'Opel','Omega (A) Caravan',2.0,115,299118,NULL,198.8,200.9,'3.0 24V Motor (204PS)'),(640,49,6,'BMW','(E34) 520i 24V',2.0,150,137,NULL,NULL,150.6,NULL),(641,49,7,'Opel','Omega (B) 16V Caravan',2.0,136,122229,NULL,NULL,129.7,NULL),(642,50,1,'BMW','(E46) 330Ci Clubsport',3.0,231,134160,NULL,NULL,225.3,NULL),(643,50,2,'Opel','Omega (B) MV6',3.0,211,NULL,1996,NULL,167.0,'Steinmetz) Radleistung'),(644,50,3,'BMW','(E34) 520i',2.0,150,NULL,NULL,NULL,202.6,'(E36) 2.8 193PS'),(645,50,4,'Nissan','Skyline (R33) GTS25t',2.5,245,NULL,NULL,NULL,233.2,'Japan Import'),(646,50,5,'VW','Kübel (Typ 181)',1.6,44,NULL,1970,NULL,47.3,NULL),(647,50,6,'VW','Golf III CL',1.6,75,102459,NULL,NULL,74.4,NULL),(648,50,7,'Nissan','300 ZX',3.0,283,NULL,NULL,312.0,333.9,'2. Messung ohne DB-Eater'),(649,50,8,'Audi','A6 T',1.8,150,NULL,NULL,NULL,198.8,'Software'),(650,50,9,'Porsche','930 Turbo',3.3,286,NULL,1979,NULL,299.1,NULL),(651,50,10,'Ford','Granada Ghia Kombi',2.3,114,NULL,NULL,NULL,85.5,NULL),(652,51,1,'Citroen','CX Turbo Diesel',2.5,97,NULL,1985,67.7,65.3,NULL),(653,51,2,'Ford','Escort MK-III',NULL,NULL,NULL,NULL,NULL,NULL,'Keine Messung möglich (Zu tief)'),(654,51,3,'Volvo','V70 TD',2.5,140,379310,NULL,NULL,170.3,NULL),(655,51,4,'Volvo','740 GL',2.3,113,NULL,NULL,NULL,97.2,NULL),(656,51,5,'Ford','Escort MK-IV RS Turbo S2',1.6,132,NULL,NULL,NULL,149.5,NULL),(657,51,6,'Ford','Escort MK-III RS Turbo S1',2.0,NULL,NULL,NULL,NULL,186.4,NULL),(658,51,7,'Alfa Romeo','Montreal',2.6,200,99505,1976,169.6,171.4,NULL),(659,51,8,'Audi','90 2.3E',2.3,136,188690,NULL,NULL,127.0,NULL),(660,51,9,'VW','Polo I (86C) G40',1.3,113,NULL,1981,NULL,109.5,'70.iger Laderad) 0.6 Bar'),(661,51,10,'VW','Passat (32B)',1.9,115,228452,1982,109.2,111.6,NULL),(662,52,1,'BMW','730i',3.0,188,NULL,NULL,NULL,183.7,NULL),(663,52,2,'BMW','(E46) 330i',3.0,231,236298,NULL,NULL,241.6,NULL),(664,52,3,'VW','Polo 86C (2F) Fantasy',1.0,45,71151,1993,NULL,41.0,NULL),(665,52,4,'Opel','Calibra 16V',2.0,150,159354,NULL,144.5,144.3,NULL),(666,52,5,'VW','Golf III VR6',2.8,174,214393,1995,NULL,177.0,NULL),(667,52,6,'VW','Golf III Variant TD',1.8,90,295801,NULL,104.3,106.5,'Chiptuning) Injektoren'),(668,52,7,'Opel','Ascona (C) GT Sport',2.0,115,NULL,NULL,NULL,120.4,'Lexmaul) Nockenwelle) Ansaugung) Fächerkrümmer  etc.'),(669,52,8,'Mercedes','(W201) 190D',2.5,90,432758,1986,NULL,85.6,NULL),(670,52,9,'BMW','Z3',2.8,193,NULL,1998,NULL,188.9,NULL),(671,52,10,'BMW','(E12) 525',2.5,150,158601,1979,NULL,143.9,NULL),(672,52,11,'VW','T3 Multivan',1.9,64,186994,NULL,NULL,62.3,NULL),(673,52,12,'Mercedes','(W201) 190 E',1.8,109,142657,1991,NULL,96.5,NULL),(674,52,13,'BMW','(E39) 525d',2.5,163,396683,NULL,NULL,193.5,NULL),(675,53,1,'VW','Corrado G60',1.8,160,NULL,NULL,245.4,255.3,'G70 Umbau) 2. Lauf mit offener Haube'),(676,53,2,'Opel','Kadett (E) 1.3i',1.3,60,NULL,NULL,NULL,58.3,NULL),(677,53,3,'Audi','Cabriolet',2.3,133,234028,1991,NULL,126.9,NULL),(678,53,4,'Audi','Cabriolet',2.0,115,232402,1996,NULL,112.8,NULL),(679,53,5,'Opel','Vectra (A) 2.0i',2.0,115,155301,1991,NULL,116.8,NULL),(680,53,6,'Trabant','601',0.6,26,NULL,1987,NULL,28.2,NULL),(681,54,1,'Audi','90 (Typ81)',2.3,136,NULL,1985,NULL,116.4,NULL),(682,54,2,'VW','Beetle',2.3,170,186775,NULL,163.3,167.0,'Software'),(683,54,3,'Toyota','Corolla TS',1.8,192,NULL,2002,187.5,192.4,'Software) 2. Messug mit offener Haube'),(684,54,4,'Ford','Fiesta XR2',1.6,84,NULL,NULL,88.0,NULL,'Halle77 Auto'),(685,54,5,'Opel','Vectra (A) 2.0i',2.0,115,129791,1993,NULL,114.1,NULL),(686,54,6,'Volvo','944',2.3,165,350538,1992,NULL,154.2,'Ladeluftkühler'),(687,55,1,'Renault','19 16V',1.8,135,NULL,NULL,121.1,122.8,NULL),(688,55,2,'Renault','19 Cabrio',1.8,88,NULL,NULL,90.7,91.5,NULL),(689,55,3,'VW','Golf I Cabrio',1.8,98,NULL,1989,80.2,NULL,NULL),(690,55,4,'VW','Polo II (G40)',1.3,113,NULL,NULL,111.3,NULL,NULL),(691,55,5,'BMW','(E30) 318i Touring',1.8,136,NULL,NULL,143.8,NULL,NULL),(692,55,6,'Volvo','PV 544',1.8,75,NULL,1962,66.5,NULL,NULL),(693,55,7,'VW','Golf II',1.8,90,406690,1991,81.8,77.7,'2. Messung auf Gas'),(694,55,8,'Audi','80 2.0E (B4)',2.0,115,60675,1994,106.8,NULL,NULL),(695,56,1,'VW','Golf II 16V',1.8,129,62575,NULL,NULL,129.3,NULL),(696,56,2,'VW','Golf II',1.6,69,328729,NULL,NULL,74.4,NULL),(697,56,3,'Mercedes','/8 (220 D) W-114',2.2,80,NULL,1971,NULL,64.2,'5 Zylinder'),(698,56,4,'Mercedes','E 420 (W-124)',4.2,279,297523,NULL,NULL,312.0,'V8, Umbau auf 5.0Liter, Motor 140er S-Klasse 320PS'),(699,56,5,'Audi','Coupe GT',2.0,115,245000,NULL,NULL,111.4,NULL),(700,56,6,'Mini','Cooper',1.3,63,NULL,NULL,NULL,59.8,NULL),(701,56,7,'Audi','100 (C3)',2.3,136,256022,NULL,NULL,120.1,NULL),(702,56,8,'BMW','(E46) B3 Alpina Cabrio',3.3,280,168701,NULL,NULL,275.2,NULL),(703,56,9,'Audi','90',2.3,136,203642,1985,NULL,131.4,NULL),(704,56,10,'VW','Golf II',1.8,90,257883,NULL,NULL,75.1,NULL),(705,56,11,'Mercedes','C320 (W-203)',3.2,218,NULL,NULL,NULL,209.8,'V6, Software, Drosselklappe'),(706,57,1,'Audi','90 (Typ B2 81)',2.0,115,135406,NULL,NULL,113.4,NULL),(707,57,2,'Audi','90 (Typ B3 89)',2.3,136,120213,NULL,NULL,127.3,NULL),(708,57,3,'BMW','Z3',2.8,193,147211,NULL,NULL,207.7,NULL),(709,57,4,'Porsche','944 S (16V)',2.5,190,NULL,1987,NULL,163.6,NULL),(710,57,5,'Toyota','Celica (T23)',1.8,143,NULL,2000,NULL,139.5,NULL),(711,57,6,'Toyota','Paseo',1.5,90,NULL,1997,92.9,93.1,NULL),(712,57,7,'BMW','Z3',2.8,192,NULL,NULL,NULL,183.7,NULL),(713,57,8,'BMW','(E30) 318 Cabrio',1.8,113,NULL,NULL,130.0,130.2,NULL),(714,57,9,'BMW','(E30) 318i',1.8,113,NULL,NULL,NULL,124.2,NULL),(715,57,10,'Audi','A4 (G5)',2.4,165,273457,1999,166.0,171.0,NULL),(716,57,11,'Mercedes','C32 AMG',3.2,354,NULL,NULL,351.6,350.6,NULL),(717,57,12,'VW','Golf II GTI 16V (Fire & Ice)',2.0,115,170757,NULL,160.8,162.1,NULL),(718,57,13,'Volvo','V70 R',2.3,250,NULL,NULL,225.1,226.2,NULL),(719,57,14,'BMW','(E36) 320i Cabrio',2.0,150,NULL,NULL,NULL,147.0,NULL),(720,58,1,'BMW','323 Ti Compact',2.3,170,NULL,1997,NULL,174.7,NULL),(721,58,2,'BMW','323 Ti Compact',2.3,170,NULL,NULL,NULL,320.1,'E46 Motor 3.2L 343PS'),(722,58,3,'BMW','(E36) M3',3.0,286,230156,1993,NULL,261.1,NULL),(723,58,4,'VW','Corrado VR6',2.9,190,70092,NULL,NULL,192.2,NULL),(724,58,5,'Audi','100 2.3E',2.3,136,174263,NULL,NULL,126.3,NULL),(725,58,6,'BMW','(E30) 318is',1.8,136,NULL,NULL,150.0,151.0,NULL),(726,58,7,'VW','Golf II GTI (Edition Blue)',1.8,107,NULL,1991,NULL,89.6,NULL),(727,58,8,'VW','Golf I Cabrio',1.8,98,NULL,1991,95.2,96.0,NULL),(728,58,9,'Audi','80 2.0E (B4)',2.0,90,162301,1991,82.3,83.4,NULL),(729,59,1,'Renault','R5 L',1.1,45,120000,NULL,NULL,46.6,NULL),(730,59,2,'VW','Golf I GTI (Pirelli)',1.8,112,192394,NULL,128.0,128.7,'Schrick Motor, Nockenwelle, 140PS eingetragen'),(731,59,3,'BMW','(E23) 735i',3.5,218,NULL,NULL,NULL,222.7,'B9 Alpina Umbau, Nockenwelle, Fächerkrümmer'),(732,59,4,'Opel','Kadett (C) 12S',1.2,54,NULL,NULL,71.0,76.2,'2. Messung nach Zündverstellung, Weber Vergaser, Nockenwelle'),(733,59,5,'Toyota','Land Cruiser',4.2,135,NULL,NULL,NULL,104.5,NULL),(734,59,6,'Opel','Kadett (C) GT/E',2.5,NULL,NULL,1979,216.2,218.9,NULL),(735,59,7,'Opel','Corsa (B) Cabrio',1.4,90,109715,NULL,NULL,94.4,'Tigra Motor'),(736,59,8,'VW','Golf I Cabrio',1.8,98,214923,1991,NULL,89.0,NULL),(737,59,9,'VW','Golf II 16V',2.0,150,230502,NULL,130.9,132.1,'Golf III Motor'),(738,59,10,'Toyota','Supra (MK3) Turbo',3.0,235,NULL,1989,NULL,213.6,NULL),(739,59,11,'VW','Golf I GTI',1.8,112,NULL,NULL,NULL,111.3,NULL),(740,60,1,'Saab','900 Turbo',2.0,185,157871,1997,162.9,164.0,NULL),(741,60,2,'VW','Golf IV VR5',2.3,150,259162,1998,NULL,145.6,NULL),(742,60,3,'VW','Corrado G60',1.8,160,105722,1991,138.2,141.0,NULL),(743,60,4,'Audi','A6 (C4)',2.6,150,359333,NULL,130.8,130.9,NULL),(744,60,5,'NSU','TT',1.3,65,NULL,1972,86.8,87.8,NULL),(745,60,7,'Toyota','Supra (MK3) Turbo',3.0,238,239192,1990,466.7,464.4,'MK4 Motor, 0.9Bar, bei 6300u/min begrenzer'),(746,60,7,'BMW','(E30) 318i',1.8,102,169870,NULL,NULL,192.0,'2.5L, 170PS'),(747,60,8,'VW','Bora (VR5) Turbo',2.4,150,NULL,NULL,221.9,310.7,'1. Messung 0.8Bar, 2. Messung 1.2Bar'),(748,60,9,'Audi','90 (Typ 81)',2.3,136,126000,1984,NULL,127.8,NULL),(749,60,10,'Opel','Commodore (B) GS/E',4.0,272,5968,NULL,NULL,257.8,'irmscher 4.0L-24V'),(750,60,11,'Opel','Monza GSE',3.0,179,NULL,NULL,208.6,211.2,'3.0L-24V'),(751,61,1,'Renault','Laguna',1.8,90,669000,1994,NULL,92.7,NULL),(752,61,2,'Mercedes','(W-124) 300 D',3.0,109,NULL,NULL,NULL,106.4,NULL),(753,61,3,'Volvo','850 T5',2.3,228,305474,NULL,NULL,256.6,'Auspuff, Elektronik, Turbolader'),(754,61,4,'Audi','90 (Typ 81)',2.0,115,145907,NULL,NULL,110.8,NULL),(755,61,5,'VW','Golf II GTI (Special) 16V',1.8,129,334704,NULL,NULL,122.8,'Nockenwelle'),(756,61,6,'VW','Polo (86c) G40',1.3,113,135450,NULL,136.3,138.5,'62er Laderad, bearbeiteter Lader, Nockenwelle'),(757,61,7,'VW','Golf III GTI Edition',2.0,115,203159,1994,111.8,112.1,NULL),(758,61,8,'VW','T3 D (Camper)',1.9,75,229415,NULL,NULL,83.2,'Motor vom Vento'),(759,62,1,'Opel','Omega (A)',2.6,150,153899,1992,NULL,145.9,NULL),(760,62,2,'Opel','Kadett (E) GSI 8V',2.0,115,124579,NULL,NULL,129.5,'Nockenwelle, Zylinderkopf, Auspuffanlage'),(761,62,3,'Opel','Senator 12V',3.0,177,198985,NULL,NULL,171.7,NULL),(762,62,4,'Opel','Rekord 18E',1.8,90,NULL,NULL,NULL,95.3,NULL),(763,62,5,'Opel','Kadett (E)',1.3,60,NULL,1986,NULL,55.9,NULL),(764,62,6,'Opel','Corsa (A) 8V',2.0,115,NULL,NULL,NULL,112.8,NULL),(765,62,7,'Opel','Omega (A) 24V',3.0,200,173677,NULL,NULL,200.0,NULL),(766,62,8,'Volvo','360',2.0,112,NULL,1988,NULL,97.2,NULL),(767,62,9,'Opel','Omega (B) 16V',2.0,136,125163,NULL,NULL,131.5,NULL),(768,62,10,'Opel','Omega (B) V6',2.5,170,100266,1998,NULL,181.5,NULL),(769,62,11,'Opel','Vectra (B) 16V',1.6,101,36000,1998,NULL,107.5,NULL),(770,62,12,'Mercedes','CLK (W208) 430 V8',4.3,279,NULL,NULL,252.7,256.2,NULL),(771,63,1,'Audi','80 (Typ89) B3',2.0,113,112983,NULL,NULL,96.9,NULL),(772,63,2,'Audi','80 (Typ89) B3',1.8,90,123426,NULL,NULL,86.3,NULL),(773,63,3,'BMW','Z3',2.8,192,251000,NULL,188.0,189.5,NULL),(774,63,4,'VW','Jetta II TD',2.8,174,NULL,1989,NULL,167.1,'VR6 Umbau'),(775,63,5,'BMW','Z3',3.0,231,NULL,NULL,NULL,223.1,NULL),(776,63,6,'VW','Golf I GTI 16V G60',1.8,160,127283,1983,189.2,195.0,NULL),(777,63,7,'VW','Golf II GTI 16V (GT28)',1.8,NULL,184211,NULL,284.4,299.0,'1.4 Bar Ladedruck'),(778,63,8,'VW','Golf II GTI 16V',2.0,NULL,206074,NULL,193.8,185.3,'Passat Motor'),(779,63,9,'BMW','(E30) M3',2.3,215,NULL,NULL,NULL,259.3,'Hartge Umbau'),(780,63,10,'Audi','80 (Typ89) B3',1.8,75,66026,1987,69.3,71.0,NULL),(781,63,11,'VW','Polo I 16V',2.0,NULL,NULL,NULL,NULL,195.0,NULL),(782,63,12,'VW','Golf II GTI 16V (Edition One)',1.8,139,247306,NULL,NULL,174.7,'Schrick Nockenwelle, Fächerkrümmer, Garlock Chip'),(783,63,13,'VW','Polo GT (86C) 2F',1.3,75,209079,NULL,NULL,70.5,NULL),(784,63,14,'VW','Golf II 16V',2.0,136,266334,1982,163.2,161.6,'Passat Motor'),(785,64,1,'Audi','Cabrio (Typ 89)',2.3,133,281660,NULL,118.8,120.0,NULL),(786,64,2,'BMW','(E36) 320i',2.0,150,NULL,1996,NULL,146.3,NULL),(787,64,3,'Honda','Civic',1.5,101,215000,NULL,NULL,109.6,NULL),(788,64,4,'Mercedes','(W140) 400SE',4.2,286,NULL,NULL,NULL,264.4,NULL),(789,64,5,'Mercedes','CLK 430',4.3,279,NULL,1999,204.0,255.8,'Messung mit leuchtender Motorkontrollleuchte'),(790,64,6,'VW','Golf II GTI',1.8,107,333886,1991,NULL,95.1,NULL),(791,64,7,'VW','T4 Multivan',2.5,110,248669,NULL,105.9,103.8,NULL),(792,65,1,'VW','Passat VR6 Turbo',2.8,174,NULL,1995,311.4,269.9,'1. Messung 1.3Bar, 2. Messung 0.8Bar'),(793,65,2,'Opel','Astra (F) GT Si',1.6,100,56952,NULL,103.6,104.6,'Nockenwelle, Einzel-Drosselklappe, Software'),(794,65,3,'VW','Golf I Cabrio (Etienne Aigner)',1.8,98,211564,NULL,NULL,99.6,NULL),(795,65,4,'Ford','Escort (MK IV) XR3i Cabrio',1.6,102,NULL,NULL,99.5,100.0,NULL),(796,65,5,'VW','Polo (86c)',1.3,75,132352,NULL,77.8,78.2,'Ratlook'),(797,65,6,'VW','Polo (86c) Steilheck',1.3,75,NULL,NULL,NULL,67.6,'Ratlook'),(798,65,7,'VW','Polo (86c) CL Coupe',1.4,48,NULL,NULL,34.2,38.9,'Diesel'),(799,65,8,'VW','Golf II R32',3.2,241,177182,NULL,NULL,225.3,'Golf IV R32 Motor'),(800,65,9,'VW','Corrado VR6',2.9,190,303989,1995,175.9,178.5,NULL),(801,65,10,'VW','Corrado VR6 Turbo',2.8,340,278812,NULL,NULL,405.8,'1.6 Bar Ladedruck'),(802,66,1,'Mercedes','(W123) 240 D',2.4,72,171671,NULL,NULL,69.1,NULL),(803,66,2,'BMW','(E30) 318is',1.8,136,NULL,1995,122.8,128.8,NULL),(804,66,3,'Opel','Kadett (E) GSI',2.0,129,NULL,NULL,NULL,119.0,NULL),(805,66,4,'VW','Golf II (Flair)',1.8,90,200666,NULL,132.3,133.3,'2.0L Kopf, 45er Weber-Vergaser'),(806,66,5,'Fiat','126',0.7,26,NULL,NULL,NULL,126.9,'1400ccm, 8V, 75PS, Uno-Turbo, 0.9Bar Ladedruck'),(807,66,6,'BMW','2002 (Baur-Targa)',2.0,100,NULL,NULL,164.9,162.6,'Einzeldrosselklappen-Einspritzung, Schmiedekolben, 316er Nockenwelle'),(808,66,7,'VW','Golf II CL',1.6,69,248479,1991,NULL,65.4,NULL),(809,66,8,'BMW','(E30) 318i',1.8,113,NULL,NULL,192.2,195.4,'(E34) 535 Motor'),(810,66,9,'BMW','(E34) 525 TDS Touring',2.5,143,NULL,1996,NULL,132.8,NULL),(811,66,10,'Volvo','940',2.3,135,261351,NULL,NULL,194.4,'Turbo Plus Kit (195 PS), offene Ansaugung, Ladeluftkühler'),(812,67,1,'VW','Golf II GTI 16V',1.8,139,NULL,NULL,NULL,159.2,'ABF - Motor (Golf III - 2.0L - 150PS)'),(813,67,2,'VW','Golf II GTI 16V',1.8,139,246564,NULL,154.7,NULL,'1.8 T Umbau - AGU Motor (150PS) Grosser Ladeluftkühler, Software'),(814,67,3,'Ford','Escort XR3i (MK VII) Cabrio',1.6,90,NULL,1996,NULL,83.3,NULL),(815,67,4,'Opel','Omega (A)',2.4,125,91532,1989,NULL,121.7,NULL),(816,67,5,'Ford','Focus (MK I)',1.8,115,202951,NULL,NULL,121.9,NULL),(817,67,6,'BMW','(E34) 525i',2.5,192,NULL,1991,NULL,195.8,'Ohne Vanos'),(818,67,7,'VW','Golf I Cabrio',1.8,98,91194,NULL,NULL,110.2,'2H Motor, Fächerkrümmer, Software'),(819,67,8,'BMW','(E36) 320i Cabrio',2.0,150,NULL,NULL,142.3,142.2,NULL),(820,67,9,'BMW','(E36) 323i Compact',2.5,170,333908,NULL,NULL,172.3,NULL),(821,68,1,'Mercedes','(W124) 230 E',2.3,132,217414,NULL,NULL,120.3,NULL),(822,68,2,'VW','T3 (DoKa)',1.7,57,NULL,NULL,56.6,NULL,NULL),(823,68,3,'BMW','(E36) 316i Compact',1.6,102,NULL,NULL,NULL,95.0,'Schlecht zu messende Automatik (PS = ca.)'),(824,68,4,'Opel','Admiral (A) 2800',2.8,140,NULL,1968,128.9,127.9,NULL),(825,68,5,'Alfa Romeo','146',1.4,103,206518,NULL,NULL,101.1,NULL),(826,68,6,'Opel','Manta (A) 16S',1.6,80,NULL,1972,NULL,77.3,NULL),(827,68,7,'Renault','R5',2.0,136,NULL,NULL,139.0,155.6,'Motor vom R19 16V'),(828,68,8,'Renault','R5 GTE (Cup)',1.7,94,NULL,1989,103.5,103.7,NULL),(829,68,9,'Renault','R5 GT Turbo (Cup)',1.4,115,NULL,1985,110.8,122.3,'1. Messung 0.8 Bar Ladedruck, 2. Messung 1 Bar Ladedruck'),(830,68,10,'Renault','R5 GT Turbo',1.4,115,NULL,NULL,108.7,106.8,'Gruppe N Vergaserkit, 0.9 Bar Ladedruck'),(831,68,11,'Renault','R5 GT Turbo',1.4,115,NULL,NULL,129.1,129.1,'Ehemals Halle77 Auto (Jetzt Autogesellschaft Dresden)'),(832,69,1,'Audi','A4 (B6)',1.8,163,299234,NULL,111.8,112.3,NULL),(833,69,2,'VW','Scirocco II',1.6,160,193654,1982,157.3,158.9,'Umbau auf G60'),(834,69,3,'VW','Corrado G60',1.8,160,174110,1990,194.2,180.3,'G65 Lader'),(835,69,4,'BMW','(E46) 330',3.0,231,263163,NULL,209.9,211.2,NULL),(836,69,5,'VW','Golf I GTI',1.8,112,211158,NULL,96.9,97.1,NULL),(837,69,6,'VW','Scirocco II',1.6,110,144256,NULL,NULL,111.0,NULL),(838,69,7,'VW','Golf IV GTI',1.8,150,181955,NULL,NULL,160.4,NULL),(839,69,8,'VW','Golf II G60',1.8,160,79000,NULL,NULL,192.9,NULL),(840,70,1,'Audi','Coupe',2.2,136,169000,NULL,NULL,113.5,NULL),(841,70,2,'Audi','80 (B4)',2.0,90,260018,NULL,NULL,89.9,NULL),(842,70,3,'Ford','Focus (MK-1) ST 16V',2.0,170,215020,2002,NULL,161.0,NULL),(843,70,4,'Ford','Focus ST',2.0,173,74726,NULL,NULL,161.3,NULL),(844,70,5,'Honda','Accord (6CL3)',2.3,154,204962,NULL,NULL,151.4,NULL),(845,70,6,'BMW','(E-21) 323i',2.3,143,192298,NULL,NULL,136.5,'Fächerkrümmmer'),(846,70,7,'VW','Polo (842F) G40',NULL,60,NULL,NULL,180.7,180.5,'3F Nockenwelle'),(847,70,8,'Mercedes','(W201) 190 E',1.8,109,229575,NULL,NULL,105.8,NULL),(848,71,1,'BMW','(E30) 325i Cabrio',2.5,170,246611,1989,NULL,144.3,NULL),(849,71,2,'BMW','(E36) 323i',2.5,170,219679,NULL,NULL,181.5,NULL),(850,71,3,'Mercedes','SLK 230',2.3,193,99996,NULL,185.6,186.2,NULL),(851,71,4,'Volvo','240',2.4,116,306151,1991,NULL,107.7,NULL),(852,71,5,'BMW','(E39) 523i',2.5,170,316093,NULL,NULL,178.3,NULL),(853,71,6,'Ford','Escort (MK-IV)',1.4,73,NULL,NULL,63.6,65.1,NULL),(854,71,7,'Cobra','427 SC',6.6,435,NULL,NULL,402.4,410.2,NULL),(855,71,8,'Mazda','MX-5',1.6,110,128400,1991,248.4,227.2,'Turbo Umbau'),(856,72,1,'BMW','(E30) 320i Cabrio',2.0,129,156781,1989,157.4,158.1,'2.7L Block, 2.5L Kopf'),(857,72,2,'VW','Golf IV GTI (Jubi)',1.8,179,245087,NULL,NULL,190.4,NULL),(858,72,3,'BMW','(E30) 320i',2.0,129,NULL,NULL,NULL,127.7,NULL),(859,72,4,'Opel','Astra (G) OPC',1.8,125,187944,1998,NULL,153.5,'2.0L C20XE Motor (93er Calibra A)'),(860,72,5,'VW','Golf I Cabrio',1.8,98,174697,NULL,NULL,96.0,NULL),(861,72,6,'VW','Golf I Cabrio',1.8,98,170159,NULL,134.9,99.6,'2.0L 16V (Golf III) Motor'),(862,72,7,'Porsche','911 Targa',3.2,207,108671,1986,231.3,232.7,'US Variante'),(863,72,8,'Ford','Sierra Cosworth',2.0,204,NULL,NULL,217.4,219.5,'Grüner Ventildeckel (220PS für 4WD), Grösserer Turbolader'),(864,72,9,'Ford','Fiesta (MK-III) CLX',1.1,55,99315,NULL,113.5,113.0,'1.6L Turbo (Escort MK-III) Motor'),(865,72,10,'VW','T4 Business VR6',3.2,190,178347,NULL,160.1,161.7,'Halle 77 Auto'),(866,73,1,'VW','Corrado G60',1.8,160,202814,NULL,148.1,153.1,'72iger Laderad'),(867,73,2,'VW','Corrado G60',1.8,160,204936,NULL,173.2,178.8,'Frankenstein Motor'),(868,73,3,'VW','Corrado G60',1.8,160,162289,NULL,181.5,182.8,'Laderad'),(869,73,4,'VW','Passat Santana',1.8,90,132144,NULL,NULL,113.1,'2.0L 115PS (JS) Motor'),(870,73,5,'Audi','Coupe',2.3,136,237037,NULL,125.4,125.9,'Auto aus Episode 16, Motor Revision'),(871,73,6,'VW','Golf II CL',1.6,75,92543,1985,64.3,66.5,NULL),(872,73,7,'Opel','Kadett C Coupe GT/E',2.2,115,NULL,NULL,NULL,122.7,'Schmiedekolben, Nockenwelle'),(873,73,8,'VW','Polo (86) CL',1.3,54,NULL,NULL,61.3,61.6,'Schlepphelbel-Motor, Auspuff'),(874,73,9,'Opel','Rekord (E) GLS',1.8,100,NULL,1986,NULL,99.6,NULL),(875,73,10,'VW','Bora',1.6,101,97741,NULL,92.4,97.1,'1 Messung mit Klima, 2. Messung ohne Klima'),(876,74,1,'Lexus','LS400 V8',4.0,245,110060,1994,NULL,208.5,NULL),(877,74,2,'Alfa Romeo','Twin Spark 916 (Spider)',2.0,150,154429,NULL,NULL,139.0,NULL),(878,74,3,'Volvo','V70 T5',2.3,250,335955,NULL,267.5,268.5,'Motor komplett neu überholt, und alles was geht grösser (1.4 Bar)'),(879,74,4,'Renault','R5 Campus',1.4,58,NULL,NULL,98.7,100.3,'Motor Umbau Cup (GTX)'),(880,74,5,'Renault','R5 GTE',1.4,94,236000,1988,NULL,95.8,NULL),(881,74,6,'BMW','(E30) 318 i',1.8,102,NULL,NULL,NULL,195.6,'3.5L M30 B35 Motor (211PS)'),(882,74,7,'Porsche','G-Model',3.2,204,NULL,NULL,203.7,NULL,'32 Carrera'),(883,74,8,'Mercedes','(W201) 190',1.8,109,291157,1994,NULL,104.5,NULL),(884,74,9,'Ford','Capri (3)',2.0,90,NULL,NULL,NULL,112.8,'2.3S Motor (114PS)'),(885,74,10,'BMW','(E34) 520i',2.0,150,214763,NULL,132.7,136.9,NULL),(886,75,1,'VW','Golf III',1.4,60,NULL,NULL,171.9,172.4,'16V ABF Umbau'),(887,75,2,'BMW','(E46) 330i',3.0,231,272581,NULL,202.6,214.6,'1. Messung im 4. Gang, 2. Messung im 5. Gang (6 Gang Getriebe)'),(888,75,3,'BMW','(E46) 330i Touring',3.0,231,265833,NULL,NULL,233.6,NULL),(889,75,4,'Mercedes','(W-126) 380SE',2.6,185,193296,NULL,NULL,143.3,NULL),(890,75,5,'Audi','Coupe (Type 89) 2.3E',2.3,136,192220,1988,NULL,126.2,NULL),(891,75,6,'VW','Passat GT (32B) Variant',2.2,115,212877,NULL,NULL,89.1,NULL),(892,75,7,'VW','LT 35',2.4,75,11544,1991,55.2,59.7,NULL),(893,75,8,'Mitsubishi','Eclipse (4G63) GS',2.0,141,129020,1999,119.9,126.6,NULL),(894,75,9,'BMW','(E30) 320i',2.0,129,293665,1989,102.3,103.0,NULL),(895,75,10,'Opel','Kadett (E) 2.0 GSI',2.0,130,102867,1987,117.6,117.2,'20SEH Motor, Kat nachgerüstet'),(896,76,1,'Mercedes','(W124) 280E',2.8,197,182963,1994,NULL,184.2,NULL),(897,76,2,'Honda','Prelude SN',1.6,80,33464,1983,NULL,74.8,NULL),(898,76,3,'VW','Golf III VR6 (Highline)',2.8,174,191329,1996,NULL,174.5,NULL),(899,76,4,'VW','Golf IV GTI (Jubi)',1.8,179,108692,NULL,180.7,181.0,NULL),(900,76,5,'Opel','Opel Omega (B) Caravan 3.0i-24V (X30XE)',3.0,211,264549,NULL,NULL,168.5,'Radleistung (w / Automatik)'),(901,76,6,'VW','Golf III VR6',2.8,174,163154,NULL,NULL,169.4,NULL),(902,76,7,'Audi','90 (B3, Type 89)',2.0,115,234800,NULL,NULL,102.4,NULL),(903,76,8,'VW','Polo (6N1)',1.0,45,103593,NULL,NULL,50.5,NULL),(904,76,9,'VW','VW Passat Stufenheck GL 2.0 (JS)',2.0,115,84849,NULL,NULL,109.5,'Auto war letzte Episode 2021 bereits auf dem Prüfstand (107.7PS)'),(905,77,1,'VW','Golf II GL',1.8,90,285785,NULL,86.0,87.5,NULL),(906,77,2,'Honda','CRX Del Sol ME',1.6,125,144853,NULL,127.5,128.9,NULL),(907,77,3,'VW','Fox',1.3,115,180373,NULL,NULL,126.8,'Polo (G40) Umbau, kleineres Laderad'),(908,77,4,'Ford','Focus (MK-I) RS',2.0,215,67289,2002,232.5,232.0,NULL),(909,77,5,'Opel','Corsa (A) 16V',2.0,150,NULL,1983,NULL,165.0,NULL),(910,78,1,'Fiat','Uno 55S',1.1,55,95307,NULL,61.3,62.5,NULL),(911,78,2,'VW','T3 (Vanagon GL)',1.9,83,NULL,1984,NULL,74.0,'US Import'),(912,78,3,'VW','Polo (86C)',1.3,55,NULL,1991,NULL,78.1,NULL),(913,78,4,'BMW','(E36) 318is',1.8,140,267330,NULL,NULL,135.1,NULL),(914,78,5,'Suzuki','SJ410',1.0,45,NULL,NULL,NULL,97.9,'3.5L V8 S-Klasse Motor (Rad-Leistung)'),(915,78,6,'Eigenbau','Rider',NULL,NULL,NULL,1994,NULL,134.5,'Gekürzter G-Klasse Rahmen, Rover V8 Motor ...'),(916,78,7,'Opel','Manta (B) GSI',2.0,110,72000,1988,NULL,106.7,NULL),(917,78,8,'DeLorean','DMC-12',2.8,132,NULL,NULL,NULL,132.9,NULL),(918,78,9,'Mitsubishi','Eclipse',2.0,150,NULL,NULL,NULL,142.2,NULL),(919,78,10,'Opel','Vectra (B)',2.2,147,NULL,NULL,129.6,133.0,NULL),(920,79,1,'VW','Golf II',2.0,150,163682,NULL,169.7,173.2,'Golf III 2.0 16V, 150PS'),(921,79,2,'BMW','(E46) 330i Cabrio',3.0,231,233986,NULL,NULL,223.2,NULL),(922,79,3,'Ford','Mustang IV GT Cabriolet',4.6,264,NULL,NULL,NULL,233.6,NULL),(923,79,4,'BMW','(E30) 318iS',1.8,136,146039,NULL,135.2,136.7,NULL),(924,79,5,'VW','Polo (9N) FSI',1.4,86,183236,NULL,82.6,88.7,'1. Messung mit Klimaanlage'),(925,79,6,'Renault','Laguna 2 (F4P) Grandtour 16V',1.8,121,341268,2001,119.8,119.6,NULL),(926,79,7,'VW','Corrado (9A) 16V',2.0,136,191158,NULL,115.7,117.3,NULL),(927,79,8,'VW','Golf II (RP) GT Special',1.8,90,174486,NULL,NULL,91.0,NULL),(928,80,1,'Ford','Probe V6 24V',2.5,163,NULL,1994,129.9,127.1,NULL),(929,80,2,'Volvo','240 GL',2.0,90,135481,NULL,NULL,84.6,NULL),(930,80,3,'Toyota','Corolla',1.6,110,NULL,2002,NULL,108.5,NULL),(931,80,4,'Hyundai FX','Coupe',2.0,137,195957,NULL,NULL,135.9,NULL),(932,80,5,'Nissan','Primera GT',2.0,150,214844,1998,132.9,133.7,NULL),(933,80,6,'VW','Golf II',1.8,90,260314,NULL,255.1,257.5,'1.8T 20V aus Cupra, 1.3 Bar Haltedruck'),(934,80,7,'Opel','Corsa (A) XE',2.0,150,NULL,NULL,NULL,154.2,'2.0L 16V Umbau'),(935,80,8,'BMW','(E38) 728i',2.8,193,257197,1996,NULL,190.0,NULL),(936,80,9,'Honda','Civic',1.4,90,55139,NULL,NULL,97.6,NULL),(937,81,1,'BMW','(E30) 318',1.8,116,NULL,NULL,NULL,102.6,NULL),(938,81,2,'Ford','Capri RS2600',2.6,125,NULL,1970,NULL,150.7,'2.8L Motor'),(939,81,3,'VW','Golf II',3.2,250,NULL,NULL,NULL,246.3,'R32 Motor'),(940,81,4,'BMW','(E46) 320d',2.0,150,226128,NULL,NULL,190.4,'Software'),(941,81,5,'VW','Golf I GLS',1.5,70,87961,1979,NULL,86.8,NULL),(942,81,6,'VW','Passat CL',1.8,90,NULL,NULL,NULL,111.7,'Nockenwelle, Weber Doppelvergaser'),(943,81,7,'VW','Golf II',1.6,69,245620,1991,NULL,75.1,NULL),(944,82,1,'Suzuki','Samurai',1.6,80,NULL,NULL,NULL,63.7,NULL),(945,82,2,'VW','Golf III VR6',2.8,174,NULL,1995,164.6,166.6,NULL),(946,82,3,'Mitsubishi','Colt 1.3 GLX',1.3,75,NULL,2001,NULL,164.9,'6 Zylinder, 2.5L, 163PS Galant Motor'),(947,82,4,'Mitsubishi','Galant',2.5,163,128594,NULL,139.7,150.6,'1. Messung LPG, 2. Messung Benzin'),(948,82,5,'VW','T4 Caravelle VR6',2.8,140,NULL,NULL,126.3,129.7,'1. Messung LPG, 2. Messung Benzin'),(949,82,6,'VW','Jetta II',1.8,90,NULL,NULL,73.5,NULL,NULL),(950,83,1,'Audi','Coupe GT',2.2,136,218032,NULL,NULL,133.4,NULL),(951,83,2,'Audi','90',2.3,133,329554,NULL,102.3,105.8,NULL),(952,83,3,'Mazda','MX-5',1.6,115,209772,NULL,NULL,112.2,NULL),(953,83,4,'Opel','Tigra (A)',2.0,160,114054,2000,NULL,157.9,'Astra (G) OPC I Motor'),(954,83,5,'BMW','(46) 330d Touring',3.0,184,254546,NULL,163.3,166.3,'Downpipe, Software'),(955,83,6,'Lloyd','CP 600',0.6,19,70044,1956,NULL,19.9,NULL),(956,83,7,'Audi','Coupe (Typ 89)',2.3,133,301830,NULL,114.3,114.0,NULL),(957,83,8,'Opel','Commodore (B) GS',2.8,140,47523,1977,NULL,118.2,NULL),(958,83,9,'VW','Jetta I L',1.4,101,162132,1982,NULL,101.7,NULL),(959,84,1,'VW','Polo (86c) G40',1.3,115,75242,NULL,102.1,102.2,'CUP Polo'),(960,84,2,'Mercedes','190 D',2.5,126,266739,NULL,120.3,119.7,'Turbo Diesel'),(961,84,3,'Alfa Romeo','156',2.5,190,47000,NULL,195.0,194.9,NULL),(962,84,4,'VW','Vento GLX',1.6,100,NULL,1997,87.0,87.7,NULL),(963,84,5,'Opel','Ascona (C) CC',1.3,75,NULL,1982,77.3,77.3,NULL),(964,84,6,'BMW','X5',3.0,218,265553,2003,227.8,227.4,NULL),(965,84,7,'Ford','Probe',2.0,116,NULL,NULL,108.8,111.1,NULL),(966,84,8,'Ford','Sierra 2.0i GL',2.0,120,NULL,1990,114.1,113.7,NULL),(967,85,1,'VW','Lupo',1.4,75,319057,NULL,98.3,98.1,'Software'),(968,85,2,'VW','Passat W8',4.0,275,417632,NULL,269.2,274.2,NULL),(969,85,3,'BMW','730i',3.0,188,165841,1988,191.8,191.4,NULL),(970,85,4,'Audi','100 Quattro',2.3,136,215229,NULL,125.5,125.2,NULL),(971,85,5,'Porsche','993',3.6,272,147364,NULL,283.1,282.8,NULL),(972,85,6,'Porsche','996 Targa',3.6,320,NULL,NULL,305.8,306.3,NULL),(973,85,7,'Toyota','Corolla (E8) DX',1.3,75,NULL,1986,71.4,72.7,NULL),(974,85,8,'Mazda','323 GLX Kombi',1.6,86,110359,1994,83.8,84.2,NULL),(975,86,1,'Audi','S4',2.7,265,NULL,1998,283.3,266.6,NULL),(976,86,2,'Opel','Calibra',2.0,150,209185,NULL,163.7,163.5,NULL),(977,86,3,'BMW','Z1',2.7,204,159303,NULL,185.2,184.1,NULL),(978,86,4,'VW','Golf IV R32 DSG',3.2,241,79868,NULL,253.4,248.9,'1. Messung DIN 2. Messung EWG'),(979,86,5,'Mercedes','(W210) E230',2.3,150,125585,NULL,163.1,162.5,'M111'),(980,86,6,'Opel','Omega (A) Caravan 24V',3.0,200,306830,1993,197.6,195.6,NULL),(981,86,7,'VW','Corrado G60',1.8,160,122846,1991,150.4,148.8,NULL),(982,86,8,'BMW','M5 (e34)',3.6,315,262491,NULL,300.1,302.5,NULL),(983,87,1,'Opel','Combo',1.3,80,158281,NULL,99.6,100.0,NULL),(984,87,2,'Mercedes','(W124) 300E 24V',3.0,220,91285,NULL,221.7,230.7,NULL),(985,87,3,'VW','Golf IV R32',3.2,241,145526,NULL,239.2,232.7,NULL),(986,87,4,'Puma','GT',1.6,50,NULL,NULL,46.6,46.1,NULL),(987,87,5,'Opel','Calibra',2.0,115,NULL,NULL,130.3,132.4,'Nockenwelle'),(988,87,6,'Porsche','914',2.0,90,NULL,NULL,91.0,91.2,'USA Version mit 90 PS'),(989,87,7,'Peugeot','205 GTI',1.6,104,139869,NULL,79.8,80.5,NULL),(990,87,8,'Mercedes','190D',2.0,75,NULL,NULL,76.7,76.9,NULL),(991,88,1,'BMW','Z3',2.8,193,NULL,1999,215.0,213.6,'Ansaugrohr vom 3Liter'),(992,88,2,'VW','Käfer 1600',1.6,48,NULL,1971,54.9,54.5,'Doppelvergaser'),(993,88,3,'Audi','A4',1.8,150,107522,NULL,211.5,207.8,'1.8T mit Software'),(994,88,4,'VW','Jetta GLS',1.5,70,125829,NULL,71.7,71.0,NULL),(995,88,5,'Mercedes','(W-124) 300D',3.0,110,134201,1991,108.8,108.7,NULL),(996,88,6,'Alfa Romeo','164 Super',2.0,144,NULL,NULL,142.7,143.0,NULL),(997,88,7,'Lada','2101',1.2,60,NULL,1973,46.6,60.9,'2. Messung nach Reparatur Gaszug'),(998,89,1,'Saab','9-3 Aero Cabrio',2.0,205,148191,2002,234.3,220.6,'Leistungs-Ergebnis nach EWG'),(999,89,2,'BMW','750',5.0,300,365994,NULL,280.1,292.7,NULL),(1000,89,3,'Mitsubishi','Galant',2.0,150,149070,NULL,153.1,151.9,NULL),(1001,89,4,'Audi','90 Quattro 20V Turbo',2.2,220,216172,1987,208.0,202.9,NULL),(1002,89,5,'Volvo','480 S',2.0,109,179762,1994,103.7,103.0,NULL),(1003,89,6,'VW','Passat L (B1)',1.3,54,182844,1979,55.6,55.9,NULL),(1004,89,7,'Opel','Astra (F) GSI 16V',2.0,150,239559,NULL,146.4,149.8,NULL),(1005,90,1,'Opel','Omega (A) 3000 24V',3.0,204,137951,NULL,198.3,197.7,NULL),(1006,90,2,'Audi','200 20V Turbo Avant',2.2,220,180805,NULL,219.2,216.2,NULL),(1007,90,3,'Saab','900 Turbo',2.0,175,271943,1985,167.3,167.5,NULL),(1008,90,4,'Opel','Vectra (B) I500',2.5,194,NULL,1998,188.1,191.7,NULL),(1009,90,5,'Porsche','944 S2',3.0,211,284782,NULL,199.2,199.2,NULL),(1010,90,6,'Honda','Stream',2.0,229,202354,2001,209.9,207.4,'Honda Civic Motor'),(1011,90,7,'Mercedes','(W202) C43 AMG',4.3,306,321098,NULL,270.3,281.4,NULL),(1012,90,8,'Volvo','V70 AWD',2.5,193,290886,NULL,243.5,244.2,'Größerer Turbolader, Düsen, Krümmer, Software'),(1013,91,1,'VW','Golf I',1.8,95,273660,NULL,115.1,116.6,'Scirocco JH Motor (95 PS), Nockenwelle, Fächerkrümmer'),(1014,91,2,'BMW','(E36) M3 GT',3.0,295,167252,NULL,254.4,251.7,NULL),(1015,91,3,'Volvo','940 GL Turbo Diesel',2.4,115,458463,NULL,105.2,107.0,NULL),(1016,91,4,'Subaru','Impreza',2.0,218,257202,2000,217.7,218.6,NULL),(1017,91,5,'BMW','(E46) M3',3.0,343,227242,NULL,324.9,330.4,NULL),(1018,91,6,'Mercedes','(W-123) 230E',2.3,136,88972,NULL,128.8,130.3,NULL),(1019,91,7,'Honda','S2000',2.0,240,145606,2003,211.9,213.9,'Rechtslenker'),(1020,91,8,'BMW','(E30) 325e',2.7,129,NULL,NULL,208.6,196.7,'AT Schnitzer Umbau'),(1021,92,1,'Ford','M151 MUTT',2.2,72,NULL,NULL,51.7,51.9,NULL),(1022,92,2,'BMW','(E39) Alpina D10',3.5,272,NULL,NULL,386.5,385.6,NULL),(1023,92,3,'VW','Passat (3BG) TDI',1.9,101,253313,NULL,172.9,172.4,NULL),(1024,92,4,'Alfa Romeo','145 QV',2.0,150,289370,1997,143.3,142.9,NULL),(1025,92,5,'Audi','TT Quattro',1.8,224,128610,2002,219.3,214.1,'Chiptuning - 1. Messung 5. Gang - 2. Messung 4. Gang'),(1026,92,6,'Opel','Corsa (A)',1.2,45,43049,NULL,51.3,51.4,NULL),(1027,92,7,'Ford','Modell A',3.9,100,NULL,1930,58.9,59.8,NULL),(1028,92,8,'Peugeot','205 XR',1.4,60,138892,1987,59.3,59.1,NULL),(1029,93,1,'Opel','Astra (F) Sunshine',1.6,72,63721,1995,73.9,74.7,NULL),(1030,93,2,'BMW','(E46) 330',3.0,231,228986,NULL,214.8,215.9,NULL),(1031,93,3,'Seat','Marbella',0.9,40,373940,NULL,37.3,42.1,NULL),(1032,93,4,'Ford','Sierra V6',2.9,197,NULL,NULL,181.5,184.0,'Scorpio 2 Cosworth Motor'),(1033,93,5,'Ford','Scorpio Cosworth MK1',2.9,195,243833,1991,192.1,190.7,NULL),(1034,93,6,'Holden','Monaro',5.7,333,46000,2003,328.9,NULL,NULL),(1035,93,7,'Honda','Civic Shuttle 4WD',1.6,110,419762,1996,105.2,107.0,NULL),(1036,94,1,'Audi','Coupe Quattro (Type85)',2.2,120,255700,NULL,160.6,158.7,NULL),(1037,94,2,'BMW','(E21) 323i',2.3,143,154581,NULL,152.7,152.2,'Umbau Webervergaser, Motortuning'),(1038,94,3,'Mercedes','(W-202) C36 AMG',3.6,280,95774,1997,263.8,263.1,NULL),(1039,94,4,'Renault','Espace V6 24V',3.0,190,130048,NULL,210.6,209.5,'Umbau auf Schaltgetriebe vom Laguna V6 24V'),(1040,94,5,'Mercedes','(W-123) 280E',2.8,186,63088,1979,175.0,NULL,'Radleistung 115.7'),(1041,94,6,'Toyota','MR2',1.6,116,NULL,1986,123.4,124.0,NULL),(1042,94,7,'Subaru','Legacy GX 4WD',2.2,135,NULL,1992,124.7,124.2,NULL),(1043,95,1,'Audi','80 (B3) Quattro 16V',2.0,137,212785,NULL,128.4,124.5,'1. Messung 4. Gang, 2. Messung 3. Gang'),(1044,95,2,'Ford','Mustang 200',3.3,120,NULL,1966,87.1,87.6,NULL),(1045,95,3,'Opel','Corsa (B) 1.2i',1.2,45,785588,NULL,159.9,160.1,'2Liter 16V Motor'),(1046,95,4,'Ford','Taunus',1.6,69,215720,NULL,67.8,68.1,NULL),(1047,95,5,'VW','Passat S',1.6,75,70343,NULL,111.1,112.0,'Frankenstein Motor'),(1048,95,6,'Corvette','C3',6.3,350,NULL,1973,298.5,302.6,NULL),(1049,95,7,'Opel','Manta',2.4,290,NULL,NULL,307.0,303.7,NULL),(1050,95,8,'Mercedes','190 D',2.5,95,140201,NULL,242.7,241.4,NULL),(1051,96,1,'VW','Golf G60',1.8,160,243016,NULL,217.6,214.5,NULL),(1052,96,2,'Audi','100 (Typ B4) 2.3E',2.3,136,954813,NULL,114.6,114.6,NULL),(1053,96,3,'Opel','Vectra (A) 2000 16V',2.0,150,NULL,NULL,161.9,163.5,NULL),(1054,96,4,'Renault','Laguna Grandtour V6 24V',3.0,190,258660,1998,185.9,185.0,NULL),(1055,96,5,'Honda','Prelude (BB3) 2.0i',2.0,133,83365,NULL,129.0,128.3,NULL),(1056,96,6,'Smart','Roadster',0.7,82,NULL,NULL,85.9,84.8,NULL),(1057,96,7,'Alfa Romeo','1750 GTV',1.8,124,NULL,1970,191.7,191.8,'2.0 Liter Motor'),(1058,96,8,'Simca','1000 Ralley',1.1,53,NULL,1972,49.3,49.0,NULL),(1059,97,1,'Alfa Romeo','Sprint',1.7,132,NULL,1983,146.5,144.6,'Alfa Romeo 33 16V Motor'),(1060,97,2,'Toyota','MR2 AW11',1.6,124,244786,1986,149.1,148.3,NULL),(1061,97,3,'Alfa Romeo','Giulia Super 1.6',1.6,103,NULL,1974,119.9,119.0,'Kurbelwelle'),(1062,97,4,'VW','Golf II GTI 16V',1.8,139,147294,1988,156.5,157.1,'Nockenwelle'),(1063,97,5,'Mazda','MX-5',1.8,130,NULL,NULL,193.6,185.5,'Turbo Umbau, 0.5 Bar Ladedruck, 2. Messung zurecht geschnitten.'),(1064,97,6,'Mazda','MX-5',1.8,130,NULL,NULL,230.2,231.0,'Turbo Umbau, 0.7 Bar Ladedruck'),(1065,98,1,'Opel','Corsa (B) 1.0 12V',1.0,54,NULL,1998,157.3,159.2,'2L XE Motor 150PS'),(1066,98,2,'Triumph','PI',2.5,143,NULL,1972,174.1,174.3,NULL),(1067,98,3,'Mercedes','(W-202) C230',2.3,193,270750,NULL,208.8,208.2,'Größere Riemenscheibe'),(1068,98,4,'VW','T3 Camper',1.7,57,202432,1990,272.8,275.3,'V8 Motor aus A8'),(1069,98,5,'Lancia','Fulvia Rallye 13 HF',1.3,88,NULL,NULL,96.5,95.1,NULL),(1070,98,6,'BMW','(E30) M3 Cabrio',3.0,195,188100,NULL,207.2,208.2,NULL),(1071,98,7,'Porsche','944',2.5,150,150884,NULL,151.3,152.8,NULL),(1072,98,8,'Subaru','Impreza GT 4WD',2.0,218,NULL,NULL,297.6,295.1,'Turbo vom STI - 1 Bar Ladedruck'),(1073,99,1,'Audi','80',2.0,90,NULL,1986,120.8,118.9,'1.8 Turbo Umbau'),(1074,99,2,'Honda','Civic (EE9) VTEC',1.6,150,202221,NULL,149.2,149.1,NULL),(1075,99,3,'Opel','Kadett (D) GTE',1.8,115,NULL,NULL,120.4,119.3,NULL),(1076,99,4,'Trabant','601 S',0.6,26,NULL,NULL,30.7,30.8,NULL),(1077,99,5,'VW','GOLF I GTI',2.0,150,97680,NULL,208.0,208.0,'Golf III ABF Motor'),(1078,99,6,'VW','Käfer 1302',1.3,60,NULL,1973,103.6,101.6,NULL),(1079,99,7,'Opel','Kadett (E) GSI',2.0,150,243820,NULL,207.1,206.2,'3.0 Liter 24V Senator Motor (204 PS) - Heckantrieb Umbau'),(1080,100,1,'Alfa Romeo','Alfa 75 America',3.0,185,75483,NULL,170.3,168.9,NULL),(1081,100,2,'Mercedes','(S123) 280TE',2.8,185,384147,NULL,160.1,160.7,NULL),(1082,100,3,'VW','Käfer 1302 S',1.6,50,NULL,1973,68.7,69.0,NULL),(1083,100,4,'Toyota','Corolla AE86 Trueno',1.6,125,NULL,1983,124.4,124.4,NULL),(1084,100,5,'Mercedes','170',1.8,45,NULL,1951,46.2,46.3,NULL),(1085,100,6,'Audi','80 GTE',1.8,112,NULL,NULL,106.5,107.3,NULL),(1086,100,7,'VW','Passat (35i) GL 16V',2.0,136,109421,1990,124.0,125.4,NULL),(1087,100,8,'VW','T3 Pritsche',1.9,60,NULL,1985,73.9,73.9,'272° Nockenwelle'),(1088,101,1,'BMW','(E12) M535i',3.5,218,140272,1980,198.0,195.3,NULL),(1089,101,2,'VW','Käfer Typ 4',2.0,70,NULL,1974,166.4,168.1,NULL),(1090,101,3,'Ford','Granada',2.8,147,NULL,1983,119.0,120.7,NULL),(1091,101,4,'Opel','Kadett (D) GTE',1.8,115,NULL,NULL,141.7,144.0,'Motor 2Liter 16V'),(1092,101,5,'VW','Golf II Country',1.8,95,233788,1990,93.4,93.0,NULL),(1093,101,6,'BMW','(E21) 323i',2.3,143,134470,NULL,165.3,167.3,'2.5L Motor'),(1094,102,1,'Fiat','Punto ELX',1.6,88,99803,1994,87.7,87.9,NULL),(1095,102,2,'Honda','Accord Type R',2.2,212,245428,1999,203.6,204.4,NULL),(1096,102,3,'Subaru','Forester',2.0,177,207872,2002,183.1,181.1,NULL),(1097,102,4,'Opel','Ascona (C) CC',1.3,90,NULL,NULL,339.2,403.6,'2 MV6 Omega (B) 3.0L Motoren'),(1098,102,5,'Mercedes','(W-110) 190',1.9,80,NULL,1963,77.5,76.6,NULL),(1099,102,6,'BMW','(E28) 528',2.8,184,216064,1982,166.0,165.5,NULL),(1100,103,1,'Audi','A8',4.2,299,158585,NULL,304.4,278.1,'1. Messung 4. Gang - 2. Messung 3. Gang'),(1101,103,2,'BMW','(E34) 525',2.5,192,NULL,NULL,373.5,369.9,'Kompressor Umbau'),(1102,103,3,'BMW','(E34) 518 Touring',1.8,113,340113,NULL,107.0,107.1,NULL),(1103,103,4,'BMW','(E30) 316i',1.6,102,NULL,NULL,177.6,178.3,'325er Motor'),(1104,103,5,'Mercedes','(S210) E270 CDI',2.6,170,NULL,NULL,238.4,238.8,NULL),(1105,103,6,'VW','T2 A/B Camper',1.7,66,299000,1972,72.5,73.3,NULL);
/*!40000 ALTER TABLE `car` ENABLE KEYS */;
UNLOCK TABLES;

--
-- Table structure for table `episode`
--

DROP TABLE IF EXISTS `episode`;
/*!40101 SET @saved_cs_client     = @@character_set_client */;
/*!40101 SET character_set_client = utf8 */;
CREATE TABLE `episode` (
  `id` int(11) NOT NULL AUTO_INCREMENT,
  `episode_nr` int(11) NOT NULL,
  `title` varchar(100) NOT NULL,
  `episode_url` varchar(255) NOT NULL,
  `thumbnail_url` varchar(255) NOT NULL,
  PRIMARY KEY (`id`)
) ENGINE=InnoDB AUTO_INCREMENT=104 DEFAULT CHARSET=utf8mb4 COLLATE=utf8mb4_unicode_ci;
/*!40101 SET character_set_client = @saved_cs_client */;

--
-- Dumping data for table `episode`
--

LOCK TABLES `episode` WRITE;
/*!40000 ALTER TABLE `episode` DISABLE KEYS */;
INSERT INTO `episode` VALUES (1,1,'GÄNSEHAUT bei über 8200rpm!','https://www.youtube.com/watch?v=97FspZAbtG8','https://img.youtube.com/vi/97FspZAbtG8/0.jpg'),(2,2,'HARTE Fakten!','https://www.youtube.com/watch?v=SrU_Op2Mc2Y','https://img.youtube.com/vi/SrU_Op2Mc2Y/0.jpg'),(3,3,'Bunter Mix aus SAUGER & TURBO!','https://www.youtube.com/watch?v=eZ4BLLSVVo8','https://img.youtube.com/vi/eZ4BLLSVVo8/0.jpg'),(4,4,'Es wird LAUT! / 5.8L V8 Schalter!','https://www.youtube.com/watch?v=nXnDJVK-cr4','https://img.youtube.com/vi/nXnDJVK-cr4/0.jpg'),(5,5,'MICHAS Auto auf der ROLLE!','https://www.youtube.com/watch?v=GtusWvFzYaQ','https://img.youtube.com/vi/GtusWvFzYaQ/0.jpg'),(6,6,'Wenn die TUNINGBOX nach HINTEN losgeht!','https://www.youtube.com/watch?v=l3yIQiLBLdQ','https://img.youtube.com/vi/l3yIQiLBLdQ/0.jpg'),(7,7,'BMW E30 M3 / VW T4 5Zyl TURBO!','https://www.youtube.com/watch?v=__5KDiJOqa0','https://img.youtube.com/vi/__5KDiJOqa0/0.jpg'),(8,8,'Vom SMART bis zum TRANSIT!','https://www.youtube.com/watch?v=djQVD9sAPNI','https://img.youtube.com/vi/djQVD9sAPNI/0.jpg'),(9,9,'SELTENE Autos & EXTREME Umbauten!','https://www.youtube.com/watch?v=VIbkf3p4oBE','https://img.youtube.com/vi/VIbkf3p4oBE/0.jpg'),(10,10,'Spontan VERGASER abstimmen!','https://www.youtube.com/watch?v=Q3uZ8m2ljdo','https://img.youtube.com/vi/Q3uZ8m2ljdo/0.jpg'),(11,11,'Probefahrt im Slalom RENNER! (Polo I 16V)','https://www.youtube.com/watch?v=AXpFX4AtpbY','https://img.youtube.com/vi/AXpFX4AtpbY/0.jpg'),(12,12,'Von ALLEM etwas dabei!','https://www.youtube.com/watch?v=m1Yfs-ENkC4','https://img.youtube.com/vi/m1Yfs-ENkC4/0.jpg'),(13,13,'8,1L + Kompressor = DREHMOMENT!','https://www.youtube.com/watch?v=0LXYZteQOkE','https://img.youtube.com/vi/0LXYZteQOkE/0.jpg'),(14,14,'ZWEI Freunde, ZWEI 5Zylinder!','https://www.youtube.com/watch?v=pdXfTF4kNQQ','https://img.youtube.com/vi/pdXfTF4kNQQ/0.jpg'),(15,15,'3x BMW M5 auf der ROLLE!','https://www.youtube.com/watch?v=UWzepIKSErU','https://img.youtube.com/vi/UWzepIKSErU/0.jpg'),(16,16,'Toyota CROWN mit 1jz Motor!','https://www.youtube.com/watch?v=o9_-y0S3odg','https://img.youtube.com/vi/o9_-y0S3odg/0.jpg'),(17,17,'Eine TRUPPE 3x CLIO 16V!','https://www.youtube.com/watch?v=MBoTJRx2S9Q','https://img.youtube.com/vi/MBoTJRx2S9Q/0.jpg'),(18,18,'Honda Civic mit 2,3 Bar und über 650 PS!','https://www.youtube.com/watch?v=5nfUh6V5adQ','https://img.youtube.com/vi/5nfUh6V5adQ/0.jpg'),(19,19,'Wir sind WIEDER DA!','https://www.youtube.com/watch?v=LZCKyJTHM40','https://img.youtube.com/vi/LZCKyJTHM40/0.jpg'),(20,20,'Boxer, Sauger, Turbo ALLES dabei!','https://www.youtube.com/watch?v=Z_73k9Mxn3c','https://img.youtube.com/vi/Z_73k9Mxn3c/0.jpg'),(21,21,'Ein EHEPAAR auf der Rolle!','https://www.youtube.com/watch?v=8L9YhVK3dfw','https://img.youtube.com/vi/8L9YhVK3dfw/0.jpg'),(22,22,'BMW E30 mit V8 + Lada 2111 mit MOTORTUNING!','https://www.youtube.com/watch?v=CgfHgEPeKgU','https://img.youtube.com/vi/CgfHgEPeKgU/0.jpg'),(23,23,'Mehr 5 Zylinder geht FAST nicht!','https://www.youtube.com/watch?v=0rnMbGcpCLQ','https://img.youtube.com/vi/0rnMbGcpCLQ/0.jpg'),(24,24,'Es wird DUNKEL: Audi A6 Avant TURBO-Diesel!','https://www.youtube.com/watch?v=sR_JS37zyNo','https://img.youtube.com/vi/sR_JS37zyNo/0.jpg'),(25,25,'BMW E36 mit Oldschool-TUNING!','https://www.youtube.com/watch?v=_6cKT9BNgKE','https://img.youtube.com/vi/_6cKT9BNgKE/0.jpg'),(26,26,'Der ERSTE hat es GESCHAFFT!','https://www.youtube.com/watch?v=fvbykBegO3s','https://img.youtube.com/vi/fvbykBegO3s/0.jpg'),(27,27,'Jan MUSS einspringen! (Marco außer Betrieb)','https://www.youtube.com/watch?v=runp_UMo_gI','https://img.youtube.com/vi/runp_UMo_gI/0.jpg'),(28,28,'Tag der ENTTÄUSCHUNGEN!','https://www.youtube.com/watch?v=Q7rKgXCFxms','https://img.youtube.com/vi/Q7rKgXCFxms/0.jpg'),(29,29,'Unfassbar GEILE Autos!','https://www.youtube.com/watch?v=PgW4HZv5X2c','https://img.youtube.com/vi/PgW4HZv5X2c/0.jpg'),(30,30,'Mazda RX7 mit WANKELMOTOR und TURBO!','https://www.youtube.com/watch?v=ILHbfxFF6u4','https://img.youtube.com/vi/ILHbfxFF6u4/0.jpg'),(31,31,'Wettschulden sind EHRENSCHULDEN!','https://www.youtube.com/watch?v=xIg7sxloRSA','https://img.youtube.com/vi/xIg7sxloRSA/0.jpg'),(32,32,'A wie ALFA ROMEO!','https://www.youtube.com/watch?v=HO4zip39pl8','https://img.youtube.com/vi/HO4zip39pl8/0.jpg'),(33,33,'Die PIRANHA Story von 1999!','https://www.youtube.com/watch?v=4rPDZ0xLyS4','https://img.youtube.com/vi/4rPDZ0xLyS4/0.jpg'),(34,34,'Viele ALT-TERMINE und viel HERZBLUT!','https://www.youtube.com/watch?v=CyXw1IsVFsA','https://img.youtube.com/vi/CyXw1IsVFsA/0.jpg'),(35,35,'NSU TT, GOLF II G60 & MINI mit V-TEC Motor!','https://www.youtube.com/watch?v=MC0NFzTLJ64','https://img.youtube.com/vi/MC0NFzTLJ64/0.jpg'),(36,36,'Marco ZEIGT wie man SCHUMMELT!','https://www.youtube.com/watch?v=rky0umSEMIU','https://img.youtube.com/vi/rky0umSEMIU/0.jpg'),(37,37,'PROJEKTAUTOS und SELTENE Modelle!','https://www.youtube.com/watch?v=azPKoGILPiQ','https://img.youtube.com/vi/azPKoGILPiQ/0.jpg'),(38,38,'OLDSCHOOL-Tuning & Zu TIEF für den Prüfstand?','https://www.youtube.com/watch?v=QfejIrbdLkY','https://img.youtube.com/vi/QfejIrbdLkY/0.jpg'),(39,39,'ÜBER den ROTEN BEREICH hinaus!','https://www.youtube.com/watch?v=eBir5tD_j04','https://img.youtube.com/vi/eBir5tD_j04/0.jpg'),(40,40,'BMW E9 CSL & Golf 3 VR6 TURBO!','https://www.youtube.com/watch?v=tQCr-ilriks','https://img.youtube.com/vi/tQCr-ilriks/0.jpg'),(41,41,'Außergewöhnliches TUNING!','https://www.youtube.com/watch?v=ToyAeBT77BU','https://img.youtube.com/vi/ToyAeBT77BU/0.jpg'),(42,42,'DRUCKSCHLAUCH PLATZT bei 1,5 BAR!','https://www.youtube.com/watch?v=F8mgJAhtEIU','https://img.youtube.com/vi/F8mgJAhtEIU/0.jpg'),(43,43,'ES GEHT WIEDER LOS!','https://www.youtube.com/watch?v=6UB_8KVNDHE','https://img.youtube.com/vi/6UB_8KVNDHE/0.jpg'),(44,44,'Der KÜRZESTE Prüfstandstag aller Zeiten!','https://www.youtube.com/watch?v=AcY53Nyh__k','https://img.youtube.com/vi/AcY53Nyh__k/0.jpg'),(45,45,'Ein OPEL-MOTOR im PONTIAC?','https://www.youtube.com/watch?v=VI1e417i130','https://img.youtube.com/vi/VI1e417i130/0.jpg'),(46,46,'BUS mit 900.000 KM?!','https://www.youtube.com/watch?v=BP_DuLkvy5A','https://img.youtube.com/vi/BP_DuLkvy5A/0.jpg'),(47,47,'Auto ZERLEGT SICH beim PRÜFSTANDSLAUF!','https://www.youtube.com/watch?v=-U2iLAAdLb0','https://img.youtube.com/vi/-U2iLAAdLb0/0.jpg'),(48,48,'Mehr LEISTUNG ohne ENDSCHALLDÄMPFER?','https://www.youtube.com/watch?v=fx_mDSNQ17A','https://img.youtube.com/vi/fx_mDSNQ17A/0.jpg'),(49,49,'GÄNSEHAUT bei 7800 RPM!','https://www.youtube.com/watch?v=4ZZwdyqSjm0','https://img.youtube.com/vi/4ZZwdyqSjm0/0.jpg'),(50,50,'300 KM/H im Porsche 911 (930 TURBO)!','https://www.youtube.com/watch?v=P-MOVMpB-PM','https://img.youtube.com/vi/P-MOVMpB-PM/0.jpg'),(51,51,'SELTENE Escort TURBOS & Montreal V8!','https://www.youtube.com/watch?v=7VlMZ5vMEho','https://img.youtube.com/vi/7VlMZ5vMEho/0.jpg'),(52,52,'IHR seid der WAHNSINN! - XXXL Prüfstandstag','https://www.youtube.com/watch?v=ZulRgIrcaZQ','https://img.youtube.com/vi/ZulRgIrcaZQ/0.jpg'),(53,53,'CORRADO G70 & TRABANT 601!','https://www.youtube.com/watch?v=JD3lCvR592Y','https://img.youtube.com/vi/JD3lCvR592Y/0.jpg'),(54,54,'Mit dem ERSTEN Auto auf den PRÜFSTAND!','https://www.youtube.com/watch?v=VYMORL8ReGs','https://img.youtube.com/vi/VYMORL8ReGs/0.jpg'),(55,55,'FEHLERSUCHE auf dem PRÜFSTAND!','https://www.youtube.com/watch?v=TbfTkrjCzl8','https://img.youtube.com/vi/TbfTkrjCzl8/0.jpg'),(56,56,'Ein bisschen von ALLEM!','https://www.youtube.com/watch?v=mL89Krh0AHM','https://img.youtube.com/vi/mL89Krh0AHM/0.jpg'),(57,57,'Porsche 944 S & Mercedes C32 AMG!','https://www.youtube.com/watch?v=-fwksl92j5Q','https://img.youtube.com/vi/-fwksl92j5Q/0.jpg'),(58,58,'WO ist die LEISTUNG hin?','https://www.youtube.com/watch?v=BK0LuPE5Q60','https://img.youtube.com/vi/BK0LuPE5Q60/0.jpg'),(59,59,'EXTREM KRASSE Umbauten!','https://www.youtube.com/watch?v=PsUvbxEHTUA','https://img.youtube.com/vi/PsUvbxEHTUA/0.jpg'),(60,60,'Ein BESONDERER Gast!','https://www.youtube.com/watch?v=mIXGYTV08w0','https://img.youtube.com/vi/mIXGYTV08w0/0.jpg'),(61,61,'Volvo mit zu VIEL Ladedruck!','https://www.youtube.com/watch?v=lTIT8kiGiI0','https://img.youtube.com/vi/lTIT8kiGiI0/0.jpg'),(62,62,'Die VOLLE LADUNG OPEL!','https://www.youtube.com/watch?v=kyEXb0F1E1g','https://img.youtube.com/vi/kyEXb0F1E1g/0.jpg'),(63,63,'8000 RPM im M3 E30 HARTGE!','https://www.youtube.com/watch?v=SiMoQ-FWdvQ','https://img.youtube.com/vi/SiMoQ-FWdvQ/0.jpg'),(64,64,'5 Zylinder SOUND im VW T4?','https://www.youtube.com/watch?v=OOz44VOMX4k','https://img.youtube.com/vi/OOz44VOMX4k/0.jpg'),(65,65,'Die RATTEN sind los!','https://www.youtube.com/watch?v=MuNSHBpMHUM','https://img.youtube.com/vi/MuNSHBpMHUM/0.jpg'),(66,66,'Das DUELL der 90er!','https://www.youtube.com/watch?v=4Klee7Fzj-Q','https://img.youtube.com/vi/4Klee7Fzj-Q/0.jpg'),(67,67,'SAUGER gegen TURBO!','https://www.youtube.com/watch?v=-FMU_nP0ArU','https://img.youtube.com/vi/-FMU_nP0ArU/0.jpg'),(68,68,'MARCO im Renault R5 FIEBER!','https://www.youtube.com/watch?v=OjK0EA-_MQY','https://img.youtube.com/vi/OjK0EA-_MQY/0.jpg'),(69,69,'PRÜFSTANDSTAG mal ANDERS!','https://www.youtube.com/watch?v=vSLtbyuNJkA','https://img.youtube.com/vi/vSLtbyuNJkA/0.jpg'),(70,70,'TURBO Umbau am 60PS MOTOR!','https://www.youtube.com/watch?v=xgdxu9uiv6k','https://img.youtube.com/vi/xgdxu9uiv6k/0.jpg'),(71,71,'Die COBRA auf der ROLLE!','https://www.youtube.com/watch?v=g_P9XWAQQTs','https://img.youtube.com/vi/g_P9XWAQQTs/0.jpg'),(72,72,'PREISVERHANDLUNG läuft SCHIEF!','https://www.youtube.com/watch?v=rrq-5m5tuH8','https://img.youtube.com/vi/rrq-5m5tuH8/0.jpg'),(73,73,'3 BRÜDER & 3 CORRADOS !','https://www.youtube.com/watch?v=SxRuhFqS5AY','https://img.youtube.com/vi/SxRuhFqS5AY/0.jpg'),(74,74,'Ein japanischer LUXUSSCHLITTEN!','https://www.youtube.com/watch?v=qZxsuGWLxXg','https://img.youtube.com/vi/qZxsuGWLxXg/0.jpg'),(75,75,'Marco im FEUERWEHRWAGEN!','https://www.youtube.com/watch?v=gfZThjlOvrQ','https://img.youtube.com/vi/gfZThjlOvrQ/0.jpg'),(76,76,'Marco im GOLF RAUSCH!','https://www.youtube.com/watch?v=gmX86FxDXHw','https://img.youtube.com/vi/gmX86FxDXHw/0.jpg'),(77,77,'Ford Focus RS MK1 & Honda Del Sol ME!','https://www.youtube.com/watch?v=5o9WB0LKa20','https://img.youtube.com/vi/5o9WB0LKa20/0.jpg'),(78,78,'VERRÜCKTER geht es NICHT!','https://www.youtube.com/watch?v=9J7pQYH-DqY','https://img.youtube.com/vi/9J7pQYH-DqY/0.jpg'),(79,79,'HEUTE sind die YOUNGTIMER dran!','https://www.youtube.com/watch?v=z12NPGlByjY','https://img.youtube.com/vi/z12NPGlByjY/0.jpg'),(80,80,'Absolute PERFEKTION am Volvo 240!','https://www.youtube.com/watch?v=mala6KfRvXY','https://img.youtube.com/vi/mala6KfRvXY/0.jpg'),(81,81,'WENIG Lärm, VIEL Leistung?','https://www.youtube.com/watch?v=4qwd08TUUbI','https://img.youtube.com/vi/4qwd08TUUbI/0.jpg'),(82,82,'GAS vs. BENZIN!','https://www.youtube.com/watch?v=EjOochm1IP8','https://img.youtube.com/vi/EjOochm1IP8/0.jpg'),(83,83,'Der LETZTE Tag mit dem JACOMAT!','https://www.youtube.com/watch?v=9eZi_WMIjOY','https://img.youtube.com/vi/9eZi_WMIjOY/0.jpg'),(84,84,'ES geht LOS mit dem MARCOMAT!','https://www.youtube.com/watch?v=dncm1ZI9jF4','https://img.youtube.com/vi/dncm1ZI9jF4/0.jpg'),(85,85,'4.0L W8 POWER!','https://www.youtube.com/watch?v=pS2WTR_BgD8','https://img.youtube.com/vi/pS2WTR_BgD8/0.jpg'),(86,86,'BMW Z1, Audi S4 B5 & VW Golf IV R32 DSG!','https://www.youtube.com/watch?v=apvXSTSw0hY','https://img.youtube.com/vi/apvXSTSw0hY/0.jpg'),(87,87,'Welcher SPORTWAGEN hat 50PS?!','https://www.youtube.com/watch?v=GR1fjGNqaCo','https://img.youtube.com/vi/GR1fjGNqaCo/0.jpg'),(88,88,'LEISTUNGSSUCHE am LADA!','https://www.youtube.com/watch?v=kTO00vDt3rk','https://img.youtube.com/vi/kTO00vDt3rk/0.jpg'),(89,89,'Bayrische LUXUSLIMO mit V12!','https://www.youtube.com/watch?v=T00euXa7vjM','https://img.youtube.com/vi/T00euXa7vjM/0.jpg'),(90,90,'200 PS VTEC im MINIVAN?!','https://www.youtube.com/watch?v=Az0S89MbcgY','https://img.youtube.com/vi/Az0S89MbcgY/0.jpg'),(91,91,'SOUNDPARTY & W123 im JAHRESWAGEN Zustand!','https://www.youtube.com/watch?v=Ogq76m1-IrE','https://img.youtube.com/vi/Ogq76m1-IrE/0.jpg'),(92,92,'Das ÄLTESTE Auto auf dem PRÜFSTAND!','https://www.youtube.com/watch?v=nXRIZsFOMF8','https://img.youtube.com/vi/nXRIZsFOMF8/0.jpg'),(93,93,'GLÜCKLICH über 37PS?','https://www.youtube.com/watch?v=7zlBqoUK8Kc','https://img.youtube.com/vi/7zlBqoUK8Kc/0.jpg'),(94,94,'SAUGER-TUNING mit STARKEM Ergebnis!','https://www.youtube.com/watch?v=fftuwBY34HU','https://img.youtube.com/vi/fftuwBY34HU/0.jpg'),(95,95,'V8 POWER und ERSTAUNLICHE Leistung im MANTA!','https://www.youtube.com/watch?v=bT_uNUK8KV0','https://img.youtube.com/vi/bT_uNUK8KV0/0.jpg'),(96,96,'Knapp 1.000.000 KM LAUFLEISTUNG!','https://www.youtube.com/watch?v=HZez_61Dd6A','https://img.youtube.com/vi/HZez_61Dd6A/0.jpg'),(97,97,'Eine ÜBERRASCHUNG jagt die NÄCHSTE!','https://www.youtube.com/watch?v=iY1US5UiEXU','https://img.youtube.com/vi/iY1US5UiEXU/0.jpg'),(98,98,'V8 im VW BUS und ERSTAUNLICHE Leistungen!','https://www.youtube.com/watch?v=ip6wsCOQYkw','https://img.youtube.com/vi/ip6wsCOQYkw/0.jpg'),(99,99,'EINZIGARTIGER Umbau & 26000€ TÜV GEBÜHREN!','https://www.youtube.com/watch?v=pIFIhwrD-Tc','https://img.youtube.com/vi/pIFIhwrD-Tc/0.jpg'),(100,100,'JUBILÄUM & ein MERCEDES aus den 50ern!','https://www.youtube.com/watch?v=s_ezIt4sct0','https://img.youtube.com/vi/s_ezIt4sct0/0.jpg'),(101,101,'MEHR LEISTUNG auf KNOPFDRUCK?','https://www.youtube.com/watch?v=1ubfs0QjDX0','https://img.youtube.com/vi/1ubfs0QjDX0/0.jpg'),(102,102,'ZWEI MOTOREN in EINEM Ascona!','https://www.youtube.com/watch?v=z5KejXDSB5Q','https://img.youtube.com/vi/z5KejXDSB5Q/0.jpg'),(103,103,'TURBO-DIESEL im 5 Zylinder TAXI!','https://www.youtube.com/watch?v=Yej5PKdbEx8','https://img.youtube.com/vi/Yej5PKdbEx8/0.jpg');
/*!40000 ALTER TABLE `episode` ENABLE KEYS */;
UNLOCK TABLES;

--
-- Table structure for table `plate`
--

DROP TABLE IF EXISTS `plate`;
/*!40101 SET @saved_cs_client     = @@character_set_client */;
/*!40101 SET character_set_client = utf8 */;
CREATE TABLE `plate` (
  `id` int(11) NOT NULL AUTO_INCREMENT,
  `kz` varchar(25) NOT NULL,
  `name` varchar(255) NOT NULL,
  `lat` decimal(16,14) NOT NULL,
  `lng` decimal(16,14) NOT NULL,
  PRIMARY KEY (`id`)
) ENGINE=InnoDB AUTO_INCREMENT=351 DEFAULT CHARSET=utf8mb4 COLLATE=utf8mb4_unicode_ci;
/*!40101 SET character_set_client = @saved_cs_client */;

--
-- Dumping data for table `plate`
--

LOCK TABLES `plate` WRITE;
/*!40000 ALTER TABLE `plate` DISABLE KEYS */;
INSERT INTO `plate` VALUES (1,'AA','Aalen',48.83668870000000,10.09711630000000),(2,'AC','Aachen',50.77580000000000,6.08380000000000),(3,'AG (CH)','Aargau',47.40318200000000,8.08434000000000),(4,'AH','Ahaus',52.08253220000000,7.01500570000000),(5,'AIB','Bad Aibling',47.86401820000000,12.00931710000000),(6,'AK','Altenkirchen',50.68722200000000,7.64555600000000),(7,'AM','Amberg',49.44031980000000,11.86334450000000),(8,'AP','Apolda',51.02600950000000,11.51554950000000),(9,'APD','Apolda',51.02600950000000,11.51554950000000),(10,'AS','Amberg-Sulzbach',49.46426400000000,11.72337800000000),(11,'AUR','Aurich',53.47083930000000,7.48483080000000),(12,'AW','Ahrweiler',50.54181500000000,7.11971770000000),(13,'AZ','Alzey',49.74620120000000,8.11711350000000),(14,'B','Berlin',52.52000700000000,13.40495400000000),(15,'B (Belgien)','Keine Zuordnung durch Kennzeichen möglich',50.50621300000000,4.47604900000000),(16,'BA','Bamberg',49.89881350000000,10.90276360000000),(17,'BAR','Barnim',52.85744500000000,13.69983000000000),(18,'BCH','Buchen (ODW.)',49.52166700000000,9.32333300000000),(19,'BE (CH)','Bern',46.94792200000000,7.44460800000000),(20,'BF','Steinfurt',52.14456580000000,7.33346360000000),(21,'BI','Bielefeld',52.03022850000000,8.53247080000000),(22,'BIN','Bingen am Rhein',49.96673960000000,7.90459600000000),(23,'BIR','Birkenfeld',49.64882360000000,7.16474770000000),(24,'BIT','Bitburg',49.96641450000000,6.52986030000000),(25,'BK','Backnang',48.94714550000000,9.43418130000000),(26,'BLB','Bad Berleburg',51.05156660000000,8.39262780000000),(27,'BM','Bergheim',50.94519450000000,6.65550220000000),(28,'BN','Bonn',50.73743000000000,7.09820680000000),(29,'BN (AT)','Baden',48.00287000000000,16.26598800000000),(30,'BO','Bochum',51.48184450000000,7.21623630000000),(31,'BOR','Borken',51.84827140000000,6.85944770000000),(32,'BRA','Brake',53.32723700000000,8.47754430000000),(33,'BS','Braunschweig',52.26887360000000,10.52676960000000),(34,'BÜD','Büdingen',50.28629630000000,9.11138380000000),(35,'BÜR','Büren',51.55092000000000,8.55976780000000),(36,'CAS','Castrop-Rauxel',51.56326250000000,7.31501450000000),(37,'CE','Celle',52.61759630000000,10.06285150000000),(38,'CLP','Cloppenburg',52.84419800000000,8.05301580000000),(39,'COE','Coesfeld',51.93829440000000,7.16758310000000),(40,'CR','Crailsheim',49.13373540000000,10.06335730000000),(41,'CUX','Cuxhaven',53.85933600000000,8.68790570000000),(42,'D','Düsseldorf',51.22774110000000,6.77345560000000),(43,'DA','Darmstadt',49.87282530000000,8.65119290000000),(44,'DAH','Dachau',48.26299840000000,11.43390220000000),(45,'DAU','Daun',50.19524450000000,6.82328590000000),(46,'DEL','Delmenhorst',53.05218860000000,8.63559320000000),(47,'DD','Dresden',51.05040880000000,13.73726210000000),(48,'DH','Diepholz',52.60564560000000,8.37078780000000),(49,'DIL','Lahn-Dill-Kreis',50.67097000000000,8.35858800000000),(50,'DIN','Dinslaken',51.56742640000000,6.74753400000000),(51,'DIZ','Diez',50.37063680000000,8.01605400000000),(52,'DN','Düren',50.80295130000000,6.48110500000000),(53,'DON','Donauwörth',48.71858260000000,10.77780410000000),(54,'DT','Detmold',51.93847830000000,8.86863800000000),(55,'DU','Duisburg',51.43440790000000,6.76232930000000),(56,'E','Essen',51.45564320000000,7.01155520000000),(57,'EBE','Ebersberg',48.07800060000000,11.96696670000000),(58,'EL','Lingen',52.52306000000000,7.32327900000000),(59,'EM','Emmerdingen',48.11709180000000,7.85390470000000),(60,'EMS','Bad Ems',50.33406190000000,7.71924000000000),(61,'EN','Ennepe-Ruhr-Kreis',51.30010920000000,7.36134290000000),(62,'ERZ','Erzgebirgskreis',50.73124000000000,12.89108300000000),(63,'ES','Esslingen',48.74334250000000,9.32011220000000),(64,'ESW','Eschwege',51.18766620000000,10.03977250000000),(65,'EU','Euskirchen',50.65743920000000,6.78999450000000),(66,'F','Frankfurt am Main',50.11092210000000,8.68212670000000),(67,'FB','Friedberg / Ts.',50.33333300000000,8.75000000000000),(68,'FD','Fulda',50.55580950000000,9.68084490000000),(69,'FKB','Frankenberg (Eder)',51.05888900000000,8.79666700000000),(70,'FR (AT)','Freistadt',48.50217000000000,14.50201000000000),(71,'FRI','Friesland',53.59667900000000,7.90034000000000),(72,'GAN','Bad Gandersheim',51.87179770000000,10.02390300000000),(73,'GE','Gelsenkirchen',51.51774400000000,7.08571720000000),(74,'GEL','Geldern',51.52044390000000,6.32579020000000),(75,'GER','Germersheim',49.21402440000000,8.36681460000000),(76,'GF','Gifhorn',52.48090910000000,10.55078290000000),(77,'GG','Groß-Gerau',49.92036550000000,8.48470380000000),(78,'GI','Gießen',50.58405120000000,8.67840310000000),(79,'GK','Geilenkirchen',50.96716800000000,6.11745840000000),(80,'GL','Bergisch Gladbach',50.99230910000000,7.12862130000000),(81,'GLA','Gladbeck',51.57066240000000,6.98539210000000),(82,'GM','Gummersbach',51.02666680000000,7.56928300000000),(83,'GOA','Sankt Goar',50.15127820000000,7.71312020000000),(84,'GP','Göppingen',48.70543820000000,9.65124910000000),(85,'GS','Goslar',51.90595310000000,10.42899630000000),(86,'GT','Gütersloh',51.90323750000000,8.38575350000000),(87,'GW','Greifswald',54.08654630000000,13.39234140000000),(88,'GÖ','Göttingen',51.54128040000000,9.91580350000000),(89,'H','Hannover',52.37589160000000,9.73201040000000),(90,'HA','Hagen',51.36707770000000,7.46328410000000),(91,'HAL','Halle',51.49698020000000,11.96880290000000),(92,'HAM','Hamm',51.67385830000000,7.81598160000000),(93,'HB','Bremen',53.07929620000000,8.80169370000000),(94,'HD','Heidelberg',49.39875240000000,8.67243350000000),(95,'HER','Herne',51.53689480000000,7.20091470000000),(96,'HF','Herford',52.11783050000000,8.67939980000000),(97,'HG','Bad Homburg v.d. Höhe',50.22683100000000,8.61816200000000),(98,'HGN','Hagenow',53.42659060000000,11.19550990000000),(99,'HH','Hamburg',53.55108500000000,9.99368200000000),(100,'HK','Heidekreis',53.06649800000000,9.88252500000000),(101,'HL','Lübeck',53.86546730000000,10.68655930000000),(102,'HM','Hameln',52.10827260000000,9.36217100000000),(103,'HMÜ','Hannover-Münden',51.41928500000000,9.65575880000000),(104,'HN','Heilbronn',49.14269290000000,9.21087900000000),(105,'HOL','Holzminden',51.82381110000000,9.45589260000000),(106,'HOT','Hohenstein-Ernstthal',50.80098290000000,12.71326810000000),(107,'HP','Heppenheim',49.64305600000000,8.63888900000000),(108,'HR','Homberg (Efze)',51.03305600000000,9.40000000000000),(109,'HS','Heinsberg',51.06003810000000,6.11837290000000),(110,'HSK','Hochsauerlandkreis',51.26098350000000,8.04754842902170),(111,'HU','Hanau',50.12641230000000,8.92831050000000),(112,'HVL','Havelland',52.59790200000000,12.52041300000000),(113,'HX','Höxter',51.77746780000000,9.37712140000000),(114,'J','Jena',50.92705400000000,11.58923720000000),(115,'K','Köln',50.93719300000000,6.96142200000000),(116,'KA','Karlsruhe',49.00689010000000,8.40365270000000),(117,'KEH','Kelheim',48.91841180000000,11.88656300000000),(118,'KK','Kempen-Krefeld',51.36499420000000,6.42053090000000),(119,'KLE','Kleve',51.78672600000000,6.12954000000000),(120,'KO','Koblenz',50.35694290000000,7.58899590000000),(121,'KR','Krefeld',51.33876090000000,6.58534170000000),(122,'KS','Kassel',51.31271140000000,9.47974610000000),(123,'KW','Königs Wusterhausen',52.29589060000000,13.62283820000000),(124,'KÖN','Rhön-Grabfeld',50.35569400000000,10.20666700000000),(125,'L','Leipzig',51.33969550000000,12.37307470000000),(126,'L (AT)','Linz',48.30694000000000,14.28583000000000),(127,'L (Luxembourg)','Keine Zuordnung durch Kennzeichen möglich',49.81527300000000,6.12958300000000),(128,'LB','Ludwigsburg',48.89406240000000,9.19546400000000),(129,'LDK','Lahn-Dill-Kreis',50.67097000000000,8.35858800000000),(130,'LER','Leer',53.23565700000000,7.46790180000000),(131,'LEV','Leverkusen',51.04592480000000,7.01921960000000),(132,'LG','Lüneburg',53.24642140000000,10.41151790000000),(133,'LH','Lüdinghausen',51.76821400000000,7.44656170000000),(134,'LIP','Lippe',51.97590300000000,8.98652800000000),(135,'LL','Landsberg am Lech',48.05078300000000,10.87035150000000),(136,'LM','Limburg an der Lahn',50.48592550000000,8.27225690000000),(137,'LÖ','Lörrach',47.61691910000000,7.67092480000000),(138,'LÖB','Löbau',51.09622920000000,14.67017810000000),(139,'LOS','Oder-Spree',52.36043800000000,14.05951100000000),(140,'LP','Lippstadt',51.67122780000000,8.34064810000000),(141,'LR','Lahr',48.33333300000000,7.86666700000000),(142,'LU','Ludwigshafen am Rhein',49.47741000000000,8.44518000000000),(143,'LÜN','Lünen',51.61048290000000,7.52850740000000),(144,'M','München',48.13512500000000,11.58198100000000),(145,'MD','Magdeburg',52.12053330000000,11.62762370000000),(146,'ME','Mettmann',51.25066630000000,6.97402650000000),(147,'MEL','Melle',52.20332220000000,8.33726640000000),(148,'MER','Merseburg',51.35632780000000,11.99174620000000),(149,'MG','Mönchengladbach',51.18045720000000,6.44280410000000),(150,'MI','Minden-Lübbecke',52.33515400000000,8.76234200000000),(151,'MI (AT)','Mistelbach',48.56670000000000,16.56670000000000),(152,'MK','Märkischer Kreis',51.24397700000000,7.75553600000000),(153,'ML','Mansfeld-Südharz',51.55094100000000,11.40718000000000),(154,'MN','Mindelheim',48.04617440000000,10.49488410000000),(155,'MO','Moers',51.45160410000000,6.64081480000000),(156,'MON','Monschau',50.55633490000000,6.24262610000000),(157,'MQ','Merseburg-Querfurt',51.38126760000000,11.60412940000000),(158,'MR','Marburg',50.80217280000000,8.76679330000000),(159,'MS','Münster',51.96066490000000,7.62613470000000),(160,'MSH','Mansfeld-Südharz',51.55094100000000,11.40718000000000),(161,'MTK','Main-Taunus-Kreis',50.13333300000000,8.53333300000000),(162,'MZ','Mainz',49.99286170000000,8.24725260000000),(163,'MZG','Merzig',49.45724000000000,6.68668800000000),(164,'NES','Rhön-Grabfeld',50.35569400000000,10.20666700000000),(165,'NEW','Neustadt an der Waldnaab',49.73209600000000,12.17812700000000),(166,'NF','Nordfriesland',54.67602200000000,8.93363200000000),(167,'NI','Nienburg (Weser)',52.63809240000000,9.20841550000000),(168,'NL (Niederlande)','Keine Zuordnung durch Kennzeichen möglich',52.13263300000000,5.29126600000000),(169,'NOH','Nordhorn',52.42958010000000,7.06857080000000),(170,'NOR','Norden',53.57685300000000,7.16447200000000),(171,'NR','Neuwied',50.43618660000000,7.46645460000000),(172,'OA','Oberallgäu',47.53919700000000,10.28440200000000),(173,'OAL','Ostallgäu',47.78601300000000,10.63051500000000),(174,'OB','Oberhausen',51.49633410000000,6.86377650000000),(175,'OF','Offenbach am Main',50.09563620000000,8.77608430000000),(176,'OH','Ostholstein',54.16420300000000,10.85042400000000),(177,'OL','Oldenburg',53.14345010000000,8.21455210000000),(178,'OP','Opladen',51.04592480000000,7.01921960000000),(179,'OS','Osnabrück',52.27991120000000,8.04717880000000),(180,'PB','Paderborn',51.71892050000000,8.75750930000000),(181,'PE','Peine',52.32040950000000,10.24326700000000),(182,'PI','Pinneberg',53.65452250000000,9.79382120000000),(183,'PLÖ','Plön',54.16133020000000,10.42594980000000),(184,'PRÜ','Prüm',50.20823700000000,6.41970050000000),(185,'PS','Pirmasens',49.20155500000000,7.60021610000000),(186,'RA','Rastatt',48.85911740000000,8.20590960000000),(187,'RD','Rendsburg',54.29527500000000,9.84664500000000),(188,'RE','Recklinghausen',51.61406490000000,7.19794530000000),(189,'RH','Roth',49.25204700000000,11.09118900000000),(190,'RI','Rinteln',52.20204610000000,9.07597030000000),(191,'RN','Rathenow',52.60481170000000,12.33794500000000),(192,'RO','Rosenheim',47.85712720000000,12.11810470000000),(193,'ROD','Roding',49.19414960000000,12.52229430000000),(194,'ROF','Hersfeld-Rotenburg',50.89855200000000,9.73987600000000),(195,'ROK','Rockenhausen',49.63117470000000,7.82155350000000),(196,'ROW','Rotenburg (Wümme)',53.10694400000000,9.39694400000000),(197,'RS','Remscheid',51.17874180000000,7.18969620000000),(198,'RW','Rottweil',48.16106870000000,8.63162190000000),(199,'S','Stuttgart',48.77584590000000,9.18293210000000),(200,'SE','Bad Segeberg',53.93905280000000,10.30536510000000),(201,'SEE','Seelow',52.53157020000000,14.37983140000000),(202,'SG','Solingen',51.17020720000000,7.08314080000000),(203,'SG (CH)','St. Gallen',47.42448180000000,9.37671730000000),(204,'SHG','Schaumburg',52.19055555555600,9.08138888888890),(205,'SI','Siegen',50.88384920000000,8.02095910000000),(206,'SIG','Sigmaringen',48.09129210000000,9.22861210000000),(207,'SIM','Simmern',49.98300000000000,7.51700000000000),(208,'SL','Schleswig-Flensburg',54.62989600000000,9.53486100000000),(209,'SLS','Saarlouis',49.31346060000000,6.75228650000000),(210,'SN','Schwerin',53.63550220000000,11.40124990000000),(211,'SO','Soest',51.57114760000000,8.10575400000000),(212,'SON','Sonneberg',50.36018210000000,11.17098990000000),(213,'SU','Siegburg',50.79984730000000,7.20745140000000),(214,'STA','Starnberg',47.99996150000000,11.33900890000000),(215,'STD','Stade',53.59286180000000,9.47094940000000),(216,'TDO','Torgau',51.55793400000000,12.99158300000000),(217,'TE','Tecklenburg',52.22030390000000,7.81236330000000),(218,'TF','Teltow-Fläming',52.03641600000000,13.29204400000000),(219,'UFF','Uffenheim',49.54499730000000,10.23380070000000),(220,'UH','Unstrut-Hainich',51.19000000000000,10.55000000000000),(221,'UN','Unna',51.54263490000000,7.68531140000000),(222,'V','Vogtland-Kreis',50.61666700000000,12.30000000000000),(223,'VAI','Vaihingen an der Enz',48.93343570000000,8.96120800000000),(224,'VB','Vogelsberg-Kreis',50.64076388888900,9.39979166666670),(225,'VEC','Vechta',52.72922520000000,8.28387610000000),(226,'VIE','Viersen',51.25549870000000,6.39652350000000),(227,'VIT','Viechtach',49.07945620000000,12.88319560000000),(228,'W','Wuppertal',51.25621280000000,7.15076360000000),(229,'W (AT)','Wien',48.20817400000000,16.37381900000000),(230,'WA','Waldeck-Frankenberg',51.22208600000000,8.85492400000000),(231,'WAF','Warendorf',51.95386850000000,7.99089870000000),(232,'WAK','Wartburgkreis',50.95671400000000,10.49766100000000),(233,'WAN','Wanne-Eickel',51.53689480000000,7.20091470000000),(234,'WEL','Limburg-Weilburg',50.48592550000000,8.27225690000000),(235,'WES','Wesel',51.66430790000000,6.62956790000000),(236,'WF','Wolfenbüttel',52.16404130000000,10.54084840000000),(237,'WHV','Wilhelmshaven',53.53234030000000,8.10687220000000),(238,'WI','Wiesbaden',50.07821840000000,8.23976080000000),(239,'WIT','Witten',51.44389260000000,7.35319700000000),(240,'WL','Winsen (Luhe)',53.35744360000000,10.21272040000000),(241,'WND','St. Wendel',49.46777070000000,7.16906250000000),(242,'WOB','Wolfsburg',52.42265030000000,10.78654610000000),(243,'WOH','Wolfhagen',51.32646730000000,9.17108270000000),(244,'WT','Waldshut-Tiengen',47.63272530000000,8.27191550000000),(245,'WUG','Weißenburg-Gunzenhausen',49.05248400000000,10.90624000000000),(246,'WW','Westerwaldkreis',50.68722200000000,7.64555600000000),(247,'ZI','Zittau',50.89996810000000,14.80299710000000),(248,'DE','Dessau-Roßlau',51.84282780000000,12.23039350000000),(249,'WIL','Wittlich',49.98541780000000,6.89533770000000),(250,'BOH','Bocholt',51.83842770000000,6.61509170000000),(251,'OHA','Osterode am Harz',51.72937690000000,10.25803110000000),(252,'MA','Mannheim',49.48745920000000,8.46603950000000),(253,'BC','Biberach',48.09514730000000,9.79015250000000),(254,'SR','Straubing',48.87773330000000,12.58015380000000),(255,'DUD','Duderstadt',51.50965710000000,10.25351040000000),(256,'AÖ','Altötting',48.22464320000000,12.67678390000000),(257,'EF','Erfurt',50.98476790000000,11.02987990000000),(258,'HE','Helmstedt',52.22896600000000,11.00954400000000),(259,'HI','Hildesheim',52.15477800000000,9.95796520000000),(260,'BL (CH)','Basel-Land',47.46330000000000,7.75590000000000),(261,'OHZ','Osterholz-Scharmbeck',53.22692250000000,8.79003630000000),(262,'AN','Ansbach',49.30042460000000,10.57193570000000),(263,'DGF','Dingolfing',48.64348080000000,12.48519830000000),(264,'SFT','Staßfurt',51.86089950000000,11.57903890000000),(265,'MW','Mittweida',50.98531490000000,12.97405570000000),(266,'PF','Pforzheim',48.89218620000000,8.69462860000000),(267,'RU','Rudolstadt',50.71829720000000,11.33365480000000),(268,'ZR','Zeulenroda',50.62924400000000,12.03911600000000),(269,'VIB','Vilsbiburg',48.45092020000000,12.35258680000000),(270,'KT','Kitzingen',49.73408050000000,10.14737770000000),(271,'CO','Coburg',50.26120940000000,10.96269500000000),(272,'SB','Saarbrücken',49.24015720000000,6.99693270000000),(273,'MGH','Bad Mergentheim',49.48853700000000,9.77041580000000),(274,'FK (AT)','Feldkirch',47.24128000000000,9.60190000000000),(275,'N','Nürnberg',49.45203000000000,11.07675000000000),(276,'BKS','Bernkastel-Wittlich',49.93080300000000,7.00417600000000),(278,'IGB','St. Ingbert',49.27744560000000,7.11189950000000),(279,'CHA','Cham',49.22386430000000,12.66208450000000),(280,'NM','Neumarkt i/d Oberpfalz',49.27726100000000,11.46720000000000),(281,'PR','Prignitz',53.03925500000000,12.04554800000000),(282,'FG','Freiberg',50.91282830000000,13.34172700000000),(283,'MKK','Main-Kinzig-Kreis',50.12641230000000,8.92831050000000),(284,'KÖT','Köthen',51.75057600000000,11.98023600000000),(285,'S (PL)','Woiwodschaft Schlesien',50.25000000000000,19.14513600000000),(286,'ST','Steinfurt',52.14456580000000,7.33346360000000),(287,'Z','Zwickau',50.71021690000000,12.47337250000000),(289,'MH','Mülheim an der Ruhr',51.41856820000000,6.88452260000000),(290,'SZ','Salzgitter',52.15000000000000,10.33333300000000),(291,'MIL','Miltenberg',49.70192940000000,9.25592130000000),(292,'WER','Wertingen',48.56179040000000,10.67916230000000),(293,'RIE','Riesa',51.31178710000000,13.26770040000000),(294,'KC','Kronach',50.23598980000000,11.33104820000000),(295,'ERb','Erbach / Odenwald',49.65902490000000,8.99618190000000),(296,'RÜD','Rüdesheim am Rhein',49.98214430000000,7.93011240000000),(297,'IZ','Itzehoe',53.93177520000000,9.50514750000000),(298,'GU (AT)','Graz-Umgebung (ST)',47.16578400000000,15.33356500000000),(299,'HEF','Hersfeld-Rotenburg',50.89855200000000,9.73987600000000),(300,'RG','Riesa, Großenhain',51.31178710000000,13.26770040000000),(301,'NOM','Nordheim / Niedersachsen',51.70017850000000,9.99590570000000),(302,'KL','Kaiserslautern',49.44006570000000,7.74912650000000),(303,'GN','Gelnhausen',50.20456640000000,9.18637250000000),(304,'SO (AT)','Südoststeiermark',47.35934400000000,14.46998300000000),(305,'BE','Beckum',51.75617920000000,8.04255040000000),(306,'FEU','Feuchtwangen',49.16809110000000,10.32979820000000),(307,'HGW','Hansestadt Greifswald',54.08654630000000,13.39234140000000),(308,'COC','Cochem-Zell',50.14741230000000,7.17017550000000),(309,'EW','Eberswalde',52.83713300000000,13.78758700000000),(310,'LAU','Lauf an der Pegnitz',49.51104800000000,11.27802500000000),(311,'SO (CH)','Solothurn (Schweiz)',47.20883480000000,7.53229100000000),(312,'ZEL','Cochem-Zell',50.14741230000000,7.17017550000000),(313,'IL','Ilmenau',50.68435020000000,10.92547280000000),(314,'NDH','Nordhausen',51.49907910000000,10.79158100000000),(315,'CW','Calw',48.71221070000000,8.74724390000000),(316,'WST','Westerstede',53.25507280000000,7.92636600000000),(317,'EI','Eichstätt',48.89125080000000,11.18998600000000),(318,'OG','Offenburg',48.47345100000000,7.94980170000000),(319,'PM','Potsdam-Mittelmark',52.25239800000000,12.90841200000000),(320,'MSP','Main-Spessart',49.98861500000000,9.64155000000000),(321,'SWA','Schwalbach',50.15419660000000,8.52880480000000),(322,'KM','Kamenz',51.27490680000000,14.10248810000000),(323,'OD','Stormarn',53.68589400000000,10.29298500000000),(324,'ER','Erlangen',49.58967440000000,11.01196110000000),(325,'PAF','Pfaffenhofen',48.53252100000000,11.49773900000000),(326,'KÖZ','Bad Kötzting',49.17680300000000,12.85174390000000),(327,'TG (CH)','Thurgau',47.60378600000000,9.05573700000000),(329,'KÜN','Künzelsau',49.28414940000000,9.69092960000000),(330,'OE','Olpe',51.02821070000000,7.85029430000000),(331,'VS','Villingen-Schwenningen',48.05940210000000,8.46408690000000),(332,'GRZ','Greiz',50.65855550000000,12.20771260000000),(333,'NVP','NordVorPommern',54.30983000000000,13.06815700000000),(334,'LV (Lettland)','Keine Zuordnung durch Kennzeichen möglich',56.87963500000000,24.60318900000000),(335,'NT','Nürtingen',48.62442100000000,9.34690690000000),(336,'ZZ','Zeitz',51.04432660000000,12.14027950000000),(337,'HZ','Harz',51.80952500000000,10.23836100000000),(338,'PIR','Pirna',50.96251750000000,13.94191690000000),(339,'BRB','Brandenburg an der Havel',52.41252870000000,12.53164440000000),(340,'LSZ','Bad Langensalza',51.10931590000000,10.64451890000000),(341,'DÜW','Bad Dürkheim',49.45983690000000,8.16542320000000),(342,'AB','Aschaffenburg',49.98066250000000,9.13555540000000),(343,'ALZ','Alzenau',50.08940840000000,9.05874140000000),(344,'ZW','Zweibrücken',49.24505280000000,7.36340220000000),(345,'WBS','Worbis',51.40714300000000,10.33058400000000),(346,'NWM','Nordwestmecklenburg',53.82816710000000,11.14866900000000),(347,'FZ','Fritzlar',51.13308090000000,9.27426410000000),(348,'MB','Miesbach',47.78997770000000,11.83326750000000),(349,'KU (AT)','Kufstein',47.58237000000000,12.16275000000000),(350,'ED','Erding',48.31146480000000,11.91887580000000);
/*!40000 ALTER TABLE `plate` ENABLE KEYS */;
UNLOCK TABLES;
/*!40103 SET TIME_ZONE=@OLD_TIME_ZONE */;

/*!40101 SET SQL_MODE=@OLD_SQL_MODE */;
/*!40014 SET FOREIGN_KEY_CHECKS=@OLD_FOREIGN_KEY_CHECKS */;
/*!40014 SET UNIQUE_CHECKS=@OLD_UNIQUE_CHECKS */;
/*!40101 SET CHARACTER_SET_CLIENT=@OLD_CHARACTER_SET_CLIENT */;
/*!40101 SET CHARACTER_SET_RESULTS=@OLD_CHARACTER_SET_RESULTS */;
/*!40101 SET COLLATION_CONNECTION=@OLD_COLLATION_CONNECTION */;
/*!40111 SET SQL_NOTES=@OLD_SQL_NOTES */;

-- Dump completed on 2023-07-30 18:36:20
